"Timestamp","ApiVersion","User","RawHeader"
"2018-08-24T09:42:15Z","v2","owild@fabrikam.com","{""api_version"":""v2"",""time"":""24-Aug-18 09:42:15"",""id"":""0944f542-a637-411b-94dd-8874992d6ebc""}"
"2018-08-24T09:42:27Z","v1","owild@fabrikam.com","{""api_version"":""v1"",""time"":""24-Aug-18 09:42:27"",""id"":""09f7c3a2-27e0-4a9b-b00a-3538fb50fb51""}"
"2018-08-24T09:42:47Z","v1","jane.austin@fabrikam.com","{""api_version"":""v1"",""time"":""24-Aug-18 09:42:47"",""id"":""e0e4a6dd-8823-412f-ad0c-84b55267518f""}"
"2018-08-24T09:42:56Z","v2","owild@fabrikam.com","{""api_version"":""v2"",""time"":""24-Aug-18 09:42:56"",""id"":""e52cd01e-6984-4821-a4aa-a97c334517e5""}"
"2018-08-24T09:43:14Z","v2","jane.doe@fabrikam.com","{""api_version"":""v2"",""time"":""24-Aug-18 09:43:14"",""id"":""6a56af09-1610-4932-b596-84d37152d045""}"
"2018-08-24T09:43:37Z","v1","john.doe@fabrikam.com","{""api_version"":""v1"",""time"":""24-Aug-18 09:43:37"",""id"":""a5d0161f-ba96-407b-a10a-462635222cae""}"
"2018-08-24T09:43:57Z","v2","will.smith@fabrikam.com","{""api_version"":""v2"",""time"":""24-Aug-18 09:43:57"",""id"":""a0250103-76e7-46aa-bac9-6ebc0d5c0323""}"
"2018-08-24T09:44:11Z","v2","jane.doe@fabrikam.com","{""api_version"":""v2"",""time"":""24-Aug-18 09:44:11"",""id"":""af74edf2-0f17-47a4-87f2-bd222affb14d""}"
"2018-08-24T09:44:28Z","v2","will.smith@fabrikam.com","{""api_version"":""v2"",""time"":""24-Aug-18 09:44:28"",""id"":""23702971-372f-43ff-b10b-35bc2a460b41""}"
"2018-08-24T09:44:56Z","v1","jane.austin@fabrikam.com","{""api_version"":""v1"",""time"":""24-Aug-18 09:44:56"",""id"":""3eaf2cd4-8244-4f70-b3de-f823c3b6a6d8""}"
"2018-08-24T09:45:05Z","v1","jane.doe@fabrikam.com","{""api_version"":""v1"",""time"":""24-Aug-18 09:45:05"",""id"":""ebbc83b8-5dbb-46ad-bb91-c8849080f80f""}"
"2018-08-24T09:45:15Z","v1","john.doe@fabrikam.com","{""api_version"":""v1"",""time"":""24-Aug-18 09:45:15"",""id"":""7b57c9c5-4aa4-4e68-93a5-645b589a0e21""}"
"2018-08-24T09:45:15Z","v2","owild@fabrikam.com","{""api_version"":""v2"",""time"":""24-Aug-18 09:45:15"",""id"":""3f1f9945-ef76-4156-8825-16c93db4cf63""}"
"2018-08-24T09:45:39Z","v2","owild@fabrikam.com","{""api_version"":""v2"",""time"":""24-Aug-18 09:45:39"",""id"":""a38a3660-0dfb-498e-8253-c904449285e6""}"
"2018-08-24T09:45:42Z","v1","jane.doe@fabrikam.com","{""api_version"":""v1"",""time"":""24-Aug-18 09:45:42"",""id"":""37e7f5fb-ef8d-4478-bb6c-42dab9b08119""}"
"2018-08-24T09:45:54Z","v2","jane.doe@fabrikam.com","{""api_version"":""v2"",""time"":""24-Aug-18 09:45:54"",""id"":""95aa520a-64e1-4e7d-9dfe-d3c78227d5f5""}"
"2018-08-24T09:46:10Z","v2","jane.doe@fabrikam.com","{""api_version"":""v2"",""time"":""24-Aug-18 09:46:10"",""id"":""03610479-aa33-4f46-8e02-90fe01d8bf46""}"
"2018-08-24T09:46:27Z","v2","will.smith@fabrikam.com","{""api_version"":""v2"",""time"":""24-Aug-18 09:46:27"",""id"":""514b6331-92ac-4e99-80c9-686ca96730bf""}"
"2018-08-24T09:46:34Z","v1","jane.austin@fabrikam.com","{""api_version"":""v1"",""time"":""24-Aug-18 09:46:34"",""id"":""90614bfb-d434-4396-b394-4151a918ddf9""}"
"2018-08-24T09:46:58Z","v2","owild@fabrikam.com","{""api_version"":""v2"",""time"":""24-Aug-18 09:46:58"",""id"":""3e35112a-fbbc-4612-96a4-6b47e5589146""}"
"2018-08-24T09:47:20Z","v2","jane.doe@fabrikam.com","{""api_version"":""v2"",""time"":""24-Aug-18 09:47:20"",""id"":""d2dab2f4-a3ac-4c45-8448-ec289236c937""}"
"2018-08-24T09:47:29Z","v1","jane.doe@fabrikam.com","{""api_version"":""v1"",""time"":""24-Aug-18 09:47:29"",""id"":""922dd56a-610d-4dcd-b5a6-423c8088414b""}"
"2018-08-24T09:47:41Z","v2","jane.austin@fabrikam.com","{""api_version"":""v2"",""time"":""24-Aug-18 09:47:41"",""id"":""5f64b62f-cadd-4046-a156-f9b703c9a390""}"
"2018-08-24T09:47:47Z","v1","owild@fabrikam.com","{""api_version"":""v1"",""time"":""24-Aug-18 09:47:47"",""id"":""8aba33bb-c5b8-4382-a300-7f0013f60f67""}"
"2018-08-24T09:47:55Z","v2","jane.doe@fabrikam.com","{""api_version"":""v2"",""time"":""24-Aug-18 09:47:55"",""id"":""1d1c4c28-f106-4a21-9e0c-ce68f747231b""}"
"2018-08-24T09:47:55Z","v2","will.smith@fabrikam.com","{""api_version"":""v2"",""time"":""24-Aug-18 09:47:55"",""id"":""fe2065a2-a48c-4ffd-b25e-815807e33204""}"
"2018-08-24T09:48:06Z","v1","john.doe@fabrikam.com","{""api_version"":""v1"",""time"":""24-Aug-18 09:48:06"",""id"":""7a954df1-635b-45bc-a378-20b6bd04cb07""}"
"2018-08-24T09:48:13Z","v1","jane.austin@fabrikam.com","{""api_version"":""v1"",""time"":""24-Aug-18 09:48:13"",""id"":""00eee9f0-f1a9-4529-9271-8209dcd84437""}"
"2018-08-24T09:48:27Z","v2","jane.doe@fabrikam.com","{""api_version"":""v2"",""time"":""24-Aug-18 09:48:27"",""id"":""9e2502dd-3894-45d9-a0b0-27d34575d44f""}"
"2018-08-24T09:48:32Z","v2","jane.doe@fabrikam.com","{""api_version"":""v2"",""time"":""24-Aug-18 09:48:32"",""id"":""02475a0c-3c9f-4956-8325-d2f897ce95f4""}"
"2018-08-24T09:48:46Z","v1","owild@fabrikam.com","{""api_version"":""v1"",""time"":""24-Aug-18 09:48:46"",""id"":""65a2e37c-b117-4560-a868-dc6783297f78""}"
"2018-08-24T09:49:04Z","v1","jane.austin@fabrikam.com","{""api_version"":""v1"",""time"":""24-Aug-18 09:49:04"",""id"":""7a478e68-1d1a-4e8e-9f21-0744b7ef5225""}"
"2018-08-24T09:49:18Z","v1","jane.doe@fabrikam.com","{""api_version"":""v1"",""time"":""24-Aug-18 09:49:18"",""id"":""8dce3156-80ff-4522-ae48-15ba0739ad50""}"
"2018-08-24T09:49:25Z","v2","jane.doe@fabrikam.com","{""api_version"":""v2"",""time"":""24-Aug-18 09:49:25"",""id"":""0fe48af9-bafc-4f40-b3d2-1d5ba576c7b6""}"
"2018-08-24T09:49:35Z","v2","will.smith@fabrikam.com","{""api_version"":""v2"",""time"":""24-Aug-18 09:49:35"",""id"":""399e87d0-73ec-4d10-b7a2-edd4afad845d""}"
"2018-08-24T09:49:47Z","v1","john.doe@fabrikam.com","{""api_version"":""v1"",""time"":""24-Aug-18 09:49:47"",""id"":""4bf2ceb9-a382-424f-893a-62f02578baef""}"
"2018-08-24T09:50:10Z","v2","john.doe@fabrikam.com","{""api_version"":""v2"",""time"":""24-Aug-18 09:50:10"",""id"":""4ee874b3-0705-4815-8bf9-36e0276e7e42""}"
"2018-08-24T09:50:14Z","v2","owild@fabrikam.com","{""api_version"":""v2"",""time"":""24-Aug-18 09:50:14"",""id"":""14b2594a-afcb-4438-bd4c-ed92ddf1c861""}"
"2018-08-24T09:50:18Z","v2","will.smith@fabrikam.com","{""api_version"":""v2"",""time"":""24-Aug-18 09:50:18"",""id"":""d651e1e0-a957-405f-bfaf-d5b3c43ffbc3""}"
"2018-08-24T09:50:39Z","v1","will.smith@fabrikam.com","{""api_version"":""v1"",""time"":""24-Aug-18 09:50:39"",""id"":""9d904d17-862e-4d19-b73b-cd3612c5d923""}"
"2018-08-24T09:50:50Z","v2","jane.austin@fabrikam.com","{""api_version"":""v2"",""time"":""24-Aug-18 09:50:50"",""id"":""2133be72-88f4-4e97-b2fe-2a01fc0bbaff""}"
"2018-08-24T09:50:52Z","v1","owild@fabrikam.com","{""api_version"":""v1"",""time"":""24-Aug-18 09:50:52"",""id"":""2e4615b3-e8f6-4d0b-890b-4c84254d45a3""}"
"2018-08-24T09:50:56Z","v2","will.smith@fabrikam.com","{""api_version"":""v2"",""time"":""24-Aug-18 09:50:56"",""id"":""cb7803df-7cf6-47a0-90b4-a326698470e8""}"
"2018-08-24T09:51:20Z","v1","will.smith@fabrikam.com","{""api_version"":""v1"",""time"":""24-Aug-18 09:51:20"",""id"":""c420f0ce-e3f0-4efb-b66e-9bc17c7cb6cb""}"
"2018-08-24T09:51:37Z","v1","owild@fabrikam.com","{""api_version"":""v1"",""time"":""24-Aug-18 09:51:37"",""id"":""8ace1414-7850-4a8c-a299-79f8be398d7a""}"
"2018-08-24T09:52:01Z","v1","jane.doe@fabrikam.com","{""api_version"":""v1"",""time"":""24-Aug-18 09:52:01"",""id"":""21cf3cdb-fc41-419f-a69e-142b5f83e9f9""}"
"2018-08-24T09:52:15Z","v2","will.smith@fabrikam.com","{""api_version"":""v2"",""time"":""24-Aug-18 09:52:15"",""id"":""2757749b-ff5a-47cb-a8f6-9f3ce28116f4""}"
"2018-08-24T09:52:29Z","v1","jane.austin@fabrikam.com","{""api_version"":""v1"",""time"":""24-Aug-18 09:52:29"",""id"":""de9e9db2-b441-4405-8830-d9b2f1f67692""}"
"2018-08-24T09:52:45Z","v1","jane.austin@fabrikam.com","{""api_version"":""v1"",""time"":""24-Aug-18 09:52:45"",""id"":""92acbaf1-43b5-4100-819e-d42c6eda958b""}"
"2018-08-24T09:53:05Z","v1","will.smith@fabrikam.com","{""api_version"":""v1"",""time"":""24-Aug-18 09:53:05"",""id"":""72b93fbc-25b6-4a5e-9321-37de897251df""}"
"2018-08-24T09:53:26Z","v1","jane.doe@fabrikam.com","{""api_version"":""v1"",""time"":""24-Aug-18 09:53:26"",""id"":""8f2a3ba1-4b0b-4afa-b0d3-f8207fccc05d""}"
"2018-08-24T09:53:39Z","v2","jane.doe@fabrikam.com","{""api_version"":""v2"",""time"":""24-Aug-18 09:53:39"",""id"":""d32562ef-95c8-4a1b-93a9-1cb7b66ee855""}"
"2018-08-24T09:54:08Z","v2","john.doe@fabrikam.com","{""api_version"":""v2"",""time"":""24-Aug-18 09:54:08"",""id"":""f7940f80-d4fb-4fd5-b4aa-2d88f0eaf2d5""}"
"2018-08-24T09:54:29Z","v1","jane.doe@fabrikam.com","{""api_version"":""v1"",""time"":""24-Aug-18 09:54:29"",""id"":""da5d7030-e12a-45b5-b0cc-b3fe978db042""}"
"2018-08-24T09:54:46Z","v2","jane.austin@fabrikam.com","{""api_version"":""v2"",""time"":""24-Aug-18 09:54:46"",""id"":""ac425374-dd4b-48b7-9e7b-9dcb401c0ee5""}"
"2018-08-24T09:55:13Z","v1","jane.austin@fabrikam.com","{""api_version"":""v1"",""time"":""24-Aug-18 09:55:13"",""id"":""99409eb6-1e4c-404f-b808-d74898959ee6""}"
"2018-08-24T09:55:28Z","v1","jane.austin@fabrikam.com","{""api_version"":""v1"",""time"":""24-Aug-18 09:55:28"",""id"":""c2a62cf5-07d6-43a8-af03-44230d82996c""}"
"2018-08-24T09:55:39Z","v1","owild@fabrikam.com","{""api_version"":""v1"",""time"":""24-Aug-18 09:55:39"",""id"":""2cf4570e-97d4-493a-bc6c-1e0c1be561e1""}"
"2018-08-24T09:55:53Z","v1","jane.austin@fabrikam.com","{""api_version"":""v1"",""time"":""24-Aug-18 09:55:53"",""id"":""c1710dd4-35bf-4851-a551-9f2cf2ae0eba""}"
"2018-08-24T09:56:01Z","v1","john.doe@fabrikam.com","{""api_version"":""v1"",""time"":""24-Aug-18 09:56:01"",""id"":""a052e656-44a6-45a3-9c31-28b09bc5d182""}"
"2018-08-24T09:56:20Z","v1","will.smith@fabrikam.com","{""api_version"":""v1"",""time"":""24-Aug-18 09:56:20"",""id"":""3413e48a-2de9-4f3b-8bee-463ebc0be761""}"
"2018-08-24T09:56:38Z","v2","john.doe@fabrikam.com","{""api_version"":""v2"",""time"":""24-Aug-18 09:56:38"",""id"":""79d519e9-928c-4773-9396-51db9b659bf3""}"
"2018-08-24T09:56:52Z","v2","will.smith@fabrikam.com","{""api_version"":""v2"",""time"":""24-Aug-18 09:56:52"",""id"":""8146a3bb-7be5-4ea0-a0e8-a5fb6e6cc71c""}"
"2018-08-24T09:57:17Z","v1","jane.austin@fabrikam.com","{""api_version"":""v1"",""time"":""24-Aug-18 09:57:17"",""id"":""ecd52526-b2ea-4b84-b777-edc5740c0482""}"
"2018-08-24T09:57:42Z","v1","jane.doe@fabrikam.com","{""api_version"":""v1"",""time"":""24-Aug-18 09:57:42"",""id"":""f8a6803e-b397-4ec8-ae94-6e5766fad4c3""}"
"2018-08-24T09:57:54Z","v2","jane.doe@fabrikam.com","{""api_version"":""v2"",""time"":""24-Aug-18 09:57:54"",""id"":""ac44c081-3283-4521-9b4b-015cc547b0a7""}"
"2018-08-24T09:58:21Z","v2","jane.austin@fabrikam.com","{""api_version"":""v2"",""time"":""24-Aug-18 09:58:21"",""id"":""afe67a87-caa7-4a0d-9060-30d72d29e4e9""}"
"2018-08-24T09:58:40Z","v2","jane.austin@fabrikam.com","{""api_version"":""v2"",""time"":""24-Aug-18 09:58:40"",""id"":""aed63568-6bf8-4df3-85c4-c82d3a50c9d9""}"
"2018-08-24T09:58:40Z","v2","jane.doe@fabrikam.com","{""api_version"":""v2"",""time"":""24-Aug-18 09:58:40"",""id"":""a2a1bd70-cb83-487a-a412-38d854174715""}"
"2018-08-24T09:58:42Z","v2","will.smith@fabrikam.com","{""api_version"":""v2"",""time"":""24-Aug-18 09:58:42"",""id"":""59cb66ca-f1b5-4e29-a6af-6e0abbe4e375""}"
"2018-08-24T09:59:07Z","v2","owild@fabrikam.com","{""api_version"":""v2"",""time"":""24-Aug-18 09:59:07"",""id"":""a1f51af7-8a98-4f27-a40e-09b788a19b74""}"
"2018-08-24T09:59:36Z","v1","jane.doe@fabrikam.com","{""api_version"":""v1"",""time"":""24-Aug-18 09:59:36"",""id"":""60a85505-7675-4261-8317-9e6e6d950a5e""}"
"2018-08-24T09:59:58Z","v2","owild@fabrikam.com","{""api_version"":""v2"",""time"":""24-Aug-18 09:59:58"",""id"":""b3d84c4f-3727-4289-9d00-7a3f3e0ad122""}"
"2018-08-24T09:59:58Z","v2","will.smith@fabrikam.com","{""api_version"":""v2"",""time"":""24-Aug-18 09:59:58"",""id"":""0659bbf9-14ca-4f08-ad22-74e11d835c4c""}"
"2018-08-24T10:00:08Z","v2","jane.austin@fabrikam.com","{""api_version"":""v2"",""time"":""24-Aug-18 10:00:08"",""id"":""cba5df53-693a-402e-bdf5-942d9b97187c""}"
"2018-08-24T10:00:16Z","v2","jane.austin@fabrikam.com","{""api_version"":""v2"",""time"":""24-Aug-18 10:00:16"",""id"":""c130e0ea-48d6-467e-8190-7c16384022f2""}"
"2018-08-24T10:00:23Z","v2","owild@fabrikam.com","{""api_version"":""v2"",""time"":""24-Aug-18 10:00:23"",""id"":""fdbd90b8-1e45-4756-8a6f-26cc24945b99""}"
"2018-08-24T10:00:24Z","v2","john.doe@fabrikam.com","{""api_version"":""v2"",""time"":""24-Aug-18 10:00:24"",""id"":""977fee61-dc4b-412a-9649-ce99cc3c7126""}"
"2018-08-24T10:00:29Z","v2","jane.austin@fabrikam.com","{""api_version"":""v2"",""time"":""24-Aug-18 10:00:29"",""id"":""43b40416-38e6-49f5-97fb-9403e0c19f3c""}"
"2018-08-24T10:00:35Z","v1","will.smith@fabrikam.com","{""api_version"":""v1"",""time"":""24-Aug-18 10:00:35"",""id"":""4a2bb965-f7f4-4c69-a067-e29ce4d3eb14""}"
"2018-08-24T10:00:43Z","v1","owild@fabrikam.com","{""api_version"":""v1"",""time"":""24-Aug-18 10:00:43"",""id"":""f6c5943f-745b-4eaf-852a-3b8fc743ddd1""}"
"2018-08-24T10:00:49Z","v2","jane.doe@fabrikam.com","{""api_version"":""v2"",""time"":""24-Aug-18 10:00:49"",""id"":""6dcf4929-df62-4325-a12e-1b34e2d32fc2""}"
"2018-08-24T10:01:16Z","v1","owild@fabrikam.com","{""api_version"":""v1"",""time"":""24-Aug-18 10:01:16"",""id"":""6193d207-5c1f-47b1-95bb-243e9fcb879c""}"
"2018-08-24T10:01:34Z","v2","will.smith@fabrikam.com","{""api_version"":""v2"",""time"":""24-Aug-18 10:01:34"",""id"":""7012a395-184c-40fa-bf83-e6078bc602ae""}"
"2018-08-24T10:01:53Z","v1","will.smith@fabrikam.com","{""api_version"":""v1"",""time"":""24-Aug-18 10:01:53"",""id"":""79852260-9746-4bc2-bfd3-2a1d81a77c5b""}"
"2018-08-24T10:02:03Z","v1","john.doe@fabrikam.com","{""api_version"":""v1"",""time"":""24-Aug-18 10:02:03"",""id"":""4955d5f2-4ba1-4f15-af52-b73e65378321""}"
"2018-08-24T10:02:28Z","v1","jane.austin@fabrikam.com","{""api_version"":""v1"",""time"":""24-Aug-18 10:02:28"",""id"":""6a8c388b-5962-42b1-a7d0-6f34fd485ccc""}"
"2018-08-24T10:02:54Z","v1","john.doe@fabrikam.com","{""api_version"":""v1"",""time"":""24-Aug-18 10:02:54"",""id"":""d12cebb1-bd09-411d-a36c-dcdee6de73b7""}"
"2018-08-24T10:03:10Z","v2","john.doe@fabrikam.com","{""api_version"":""v2"",""time"":""24-Aug-18 10:03:10"",""id"":""c30cd3c0-caa3-4d09-8108-3dc4e4d41e28""}"
"2018-08-24T10:03:30Z","v2","jane.austin@fabrikam.com","{""api_version"":""v2"",""time"":""24-Aug-18 10:03:30"",""id"":""a1b23df7-c289-4843-924a-9b00623b752d""}"
"2018-08-24T10:03:33Z","v2","john.doe@fabrikam.com","{""api_version"":""v2"",""time"":""24-Aug-18 10:03:33"",""id"":""486bea5b-10d8-4e5c-a228-54d070e3fad8""}"
"2018-08-24T10:03:57Z","v1","will.smith@fabrikam.com","{""api_version"":""v1"",""time"":""24-Aug-18 10:03:57"",""id"":""743c9333-73af-493b-ba02-85fcff5e93a3""}"
"2018-08-24T10:03:59Z","v2","jane.doe@fabrikam.com","{""api_version"":""v2"",""time"":""24-Aug-18 10:03:59"",""id"":""bd38357f-08f3-4938-bdaf-be2ee7f6e42d""}"
"2018-08-24T10:04:20Z","v1","jane.austin@fabrikam.com","{""api_version"":""v1"",""time"":""24-Aug-18 10:04:20"",""id"":""6c5a23d7-aa52-4b69-88e8-e20d832ffa01""}"
"2018-08-24T10:04:35Z","v2","john.doe@fabrikam.com","{""api_version"":""v2"",""time"":""24-Aug-18 10:04:35"",""id"":""9483274c-8206-4761-b0d5-2e0976242775""}"
"2018-08-24T10:04:57Z","v1","jane.doe@fabrikam.com","{""api_version"":""v1"",""time"":""24-Aug-18 10:04:57"",""id"":""e1f762a4-38fb-43fa-8498-8503ede93fad""}"
"2018-08-24T10:05:22Z","v2","jane.doe@fabrikam.com","{""api_version"":""v2"",""time"":""24-Aug-18 10:05:22"",""id"":""edc4df71-adba-4a73-81e8-c49b1a5750ca""}"
"2018-08-24T10:05:22Z","v2","jane.austin@fabrikam.com","{""api_version"":""v2"",""time"":""24-Aug-18 10:05:22"",""id"":""1f02b9ab-27cc-4cb7-825c-6f4144a1b30a""}"
"2018-08-24T10:05:46Z","v2","owild@fabrikam.com","{""api_version"":""v2"",""time"":""24-Aug-18 10:05:46"",""id"":""799a2c8c-919e-40ac-ad0d-4e97cabde0a0""}"
"2018-08-24T10:06:14Z","v1","john.doe@fabrikam.com","{""api_version"":""v1"",""time"":""24-Aug-18 10:06:14"",""id"":""58c1cd07-e571-417e-8c1e-64474d57351d""}"
"2018-08-24T10:06:22Z","v2","jane.doe@fabrikam.com","{""api_version"":""v2"",""time"":""24-Aug-18 10:06:22"",""id"":""413e2846-4529-45bc-b769-cd6afcfcea75""}"
"2018-08-24T10:06:47Z","v1","jane.doe@fabrikam.com","{""api_version"":""v1"",""time"":""24-Aug-18 10:06:47"",""id"":""b1ed9385-828b-45fe-a7c5-2f57cfb1b7bf""}"
"2018-08-24T10:07:16Z","v2","jane.doe@fabrikam.com","{""api_version"":""v2"",""time"":""24-Aug-18 10:07:16"",""id"":""4a1ebcc8-d7fe-46b3-a034-8b0b675a108e""}"
"2018-08-24T10:07:39Z","v1","jane.austin@fabrikam.com","{""api_version"":""v1"",""time"":""24-Aug-18 10:07:39"",""id"":""e0310973-7770-4672-8767-2814281b6c5a""}"
"2018-08-24T10:07:44Z","v1","jane.doe@fabrikam.com","{""api_version"":""v1"",""time"":""24-Aug-18 10:07:44"",""id"":""cd770693-51e4-4c10-b71c-472c0471521a""}"
"2018-08-24T10:08:01Z","v2","jane.austin@fabrikam.com","{""api_version"":""v2"",""time"":""24-Aug-18 10:08:01"",""id"":""e141b4f3-769e-45e9-af18-887a552a93d1""}"
"2018-08-24T10:08:23Z","v2","jane.austin@fabrikam.com","{""api_version"":""v2"",""time"":""24-Aug-18 10:08:23"",""id"":""19b67208-f76e-4587-aba6-ddf991638f00""}"
"2018-08-24T10:08:26Z","v1","jane.austin@fabrikam.com","{""api_version"":""v1"",""time"":""24-Aug-18 10:08:26"",""id"":""5a2504fd-5a5b-4f11-891c-b37f4a0bd05e""}"
"2018-08-24T10:08:29Z","v1","jane.austin@fabrikam.com","{""api_version"":""v1"",""time"":""24-Aug-18 10:08:29"",""id"":""f1ff4d85-de3e-4779-86ec-05e43d23a0cc""}"
"2018-08-24T10:08:40Z","v2","owild@fabrikam.com","{""api_version"":""v2"",""time"":""24-Aug-18 10:08:40"",""id"":""c7940d2d-8bac-4a8f-bf0b-ad888a1de39e""}"
"2018-08-24T10:08:47Z","v2","jane.austin@fabrikam.com","{""api_version"":""v2"",""time"":""24-Aug-18 10:08:47"",""id"":""5300f7f7-bf7a-45d1-a276-7fb65ce56b74""}"
"2018-08-24T10:08:58Z","v2","owild@fabrikam.com","{""api_version"":""v2"",""time"":""24-Aug-18 10:08:58"",""id"":""bb95487a-4488-49b0-8723-7279372156e1""}"
"2018-08-24T10:09:16Z","v1","will.smith@fabrikam.com","{""api_version"":""v1"",""time"":""24-Aug-18 10:09:16"",""id"":""89fc01b7-10e6-48fa-ba1d-9cdf7f5aeb1f""}"
"2018-08-24T10:09:30Z","v2","jane.austin@fabrikam.com","{""api_version"":""v2"",""time"":""24-Aug-18 10:09:30"",""id"":""389f0779-8b3a-49f2-bc6a-20398d6dec4b""}"
"2018-08-24T10:09:53Z","v1","john.doe@fabrikam.com","{""api_version"":""v1"",""time"":""24-Aug-18 10:09:53"",""id"":""7676df59-772b-4843-b67d-2b34b421e65b""}"
"2018-08-24T10:10:21Z","v2","john.doe@fabrikam.com","{""api_version"":""v2"",""time"":""24-Aug-18 10:10:21"",""id"":""89c9fafd-3d11-43c6-83fc-5ef351f9237d""}"
"2018-08-24T10:10:49Z","v1","jane.doe@fabrikam.com","{""api_version"":""v1"",""time"":""24-Aug-18 10:10:49"",""id"":""e9b83aea-cdb6-41a4-be1c-2c51b5c9f87d""}"
"2018-08-24T10:11:12Z","v1","john.doe@fabrikam.com","{""api_version"":""v1"",""time"":""24-Aug-18 10:11:12"",""id"":""f4543429-0936-4f24-966b-abfabbb96e89""}"
"2018-08-24T10:11:16Z","v2","will.smith@fabrikam.com","{""api_version"":""v2"",""time"":""24-Aug-18 10:11:16"",""id"":""e5a934e1-c9e3-43e3-b7c0-b9d156ad555d""}"
"2018-08-24T10:11:36Z","v1","jane.doe@fabrikam.com","{""api_version"":""v1"",""time"":""24-Aug-18 10:11:36"",""id"":""125e7ba0-546f-4513-a8c3-dccfd996c53e""}"
"2018-08-24T10:11:40Z","v1","will.smith@fabrikam.com","{""api_version"":""v1"",""time"":""24-Aug-18 10:11:40"",""id"":""56fa8fe1-621a-4261-bcc0-fd885d7793dc""}"
"2018-08-24T10:11:46Z","v2","john.doe@fabrikam.com","{""api_version"":""v2"",""time"":""24-Aug-18 10:11:46"",""id"":""f720dfe6-eecb-4edf-bf21-e5ae11a7e231""}"
"2018-08-24T10:12:06Z","v2","will.smith@fabrikam.com","{""api_version"":""v2"",""time"":""24-Aug-18 10:12:06"",""id"":""0a3f3834-a274-4bf2-8664-6d5b709d6c3d""}"
"2018-08-24T10:12:28Z","v2","jane.austin@fabrikam.com","{""api_version"":""v2"",""time"":""24-Aug-18 10:12:28"",""id"":""3231d826-dad3-40d4-8622-0539066b3e4a""}"
"2018-08-24T10:12:36Z","v1","jane.austin@fabrikam.com","{""api_version"":""v1"",""time"":""24-Aug-18 10:12:36"",""id"":""8df4527e-35c1-42af-beae-af885afc33e6""}"
"2018-08-24T10:12:55Z","v2","will.smith@fabrikam.com","{""api_version"":""v2"",""time"":""24-Aug-18 10:12:55"",""id"":""4077f92f-c69b-4b95-abc7-b13ea35a8c0c""}"
"2018-08-24T10:13:16Z","v2","jane.austin@fabrikam.com","{""api_version"":""v2"",""time"":""24-Aug-18 10:13:16"",""id"":""0ad0099f-eec6-4354-910b-50d0fe77a5b6""}"
"2018-08-24T10:13:39Z","v2","owild@fabrikam.com","{""api_version"":""v2"",""time"":""24-Aug-18 10:13:39"",""id"":""5a7eac60-8df2-458e-89fa-7efb3c0ea780""}"
"2018-08-24T10:13:58Z","v2","will.smith@fabrikam.com","{""api_version"":""v2"",""time"":""24-Aug-18 10:13:58"",""id"":""b117712f-627e-46d9-8d5e-457b257cdacb""}"
"2018-08-24T10:14:09Z","v2","will.smith@fabrikam.com","{""api_version"":""v2"",""time"":""24-Aug-18 10:14:09"",""id"":""7e78a6ce-13d6-4108-8f16-aaa170077503""}"
"2018-08-24T10:14:14Z","v1","owild@fabrikam.com","{""api_version"":""v1"",""time"":""24-Aug-18 10:14:14"",""id"":""4ca5baf3-e533-4917-bcab-fc976b68d708""}"
"2018-08-24T10:14:34Z","v2","jane.austin@fabrikam.com","{""api_version"":""v2"",""time"":""24-Aug-18 10:14:34"",""id"":""2d5be4a2-746b-406b-a78e-ec3c6d5fe316""}"
"2018-08-24T10:15:03Z","v2","owild@fabrikam.com","{""api_version"":""v2"",""time"":""24-Aug-18 10:15:03"",""id"":""8594b209-9dc0-44cd-95e5-f395a2daa2fa""}"
"2018-08-24T10:15:20Z","v2","owild@fabrikam.com","{""api_version"":""v2"",""time"":""24-Aug-18 10:15:20"",""id"":""1b751e0e-015f-4ab8-94f7-0c68228fd7c3""}"
"2018-08-24T10:15:42Z","v2","owild@fabrikam.com","{""api_version"":""v2"",""time"":""24-Aug-18 10:15:42"",""id"":""01a80bdf-2978-4571-acc9-89695d81dd33""}"
"2018-08-24T10:16:09Z","v1","will.smith@fabrikam.com","{""api_version"":""v1"",""time"":""24-Aug-18 10:16:09"",""id"":""20986466-b1fe-4de4-9253-45268baf4899""}"
"2018-08-24T10:16:10Z","v2","owild@fabrikam.com","{""api_version"":""v2"",""time"":""24-Aug-18 10:16:10"",""id"":""afbfa1e2-efab-4d27-8083-4befdaae170b""}"
"2018-08-24T10:16:11Z","v2","will.smith@fabrikam.com","{""api_version"":""v2"",""time"":""24-Aug-18 10:16:11"",""id"":""8a340932-8e9b-46b3-a658-c85d3ea25008""}"
"2018-08-24T10:16:19Z","v2","will.smith@fabrikam.com","{""api_version"":""v2"",""time"":""24-Aug-18 10:16:19"",""id"":""a790b02c-44b3-4593-83d4-eea09a869e4e""}"
"2018-08-24T10:16:26Z","v2","jane.doe@fabrikam.com","{""api_version"":""v2"",""time"":""24-Aug-18 10:16:26"",""id"":""3fa550cd-f537-41b2-8b1b-81b33f25ba4b""}"
"2018-08-24T10:16:55Z","v2","will.smith@fabrikam.com","{""api_version"":""v2"",""time"":""24-Aug-18 10:16:55"",""id"":""63d24bd9-b996-4fe9-beca-f1864372d1e0""}"
"2018-08-24T10:17:12Z","v1","will.smith@fabrikam.com","{""api_version"":""v1"",""time"":""24-Aug-18 10:17:12"",""id"":""126f863d-b2a3-48ae-802f-f003c9be159d""}"
"2018-08-24T10:17:13Z","v1","jane.austin@fabrikam.com","{""api_version"":""v1"",""time"":""24-Aug-18 10:17:13"",""id"":""0938fa65-7a3b-462a-b6af-a75ae241e87a""}"
"2018-08-24T10:17:34Z","v1","john.doe@fabrikam.com","{""api_version"":""v1"",""time"":""24-Aug-18 10:17:34"",""id"":""15e2306e-a68b-4b84-9019-6dc97a4c3a73""}"
"2018-08-24T10:17:46Z","v1","john.doe@fabrikam.com","{""api_version"":""v1"",""time"":""24-Aug-18 10:17:46"",""id"":""d9f24c28-12da-4915-8f42-56b8735a74c1""}"
"2018-08-24T10:18:01Z","v1","jane.austin@fabrikam.com","{""api_version"":""v1"",""time"":""24-Aug-18 10:18:01"",""id"":""ea569e64-f0b9-47bb-b98d-396badf0c767""}"
"2018-08-24T10:18:20Z","v1","john.doe@fabrikam.com","{""api_version"":""v1"",""time"":""24-Aug-18 10:18:20"",""id"":""d9555891-6820-4398-aeff-fbf9fe987702""}"
"2018-08-24T10:18:43Z","v2","jane.austin@fabrikam.com","{""api_version"":""v2"",""time"":""24-Aug-18 10:18:43"",""id"":""50ff0a6e-2d04-45d1-8ffd-98d234069620""}"
"2018-08-24T10:18:53Z","v2","will.smith@fabrikam.com","{""api_version"":""v2"",""time"":""24-Aug-18 10:18:53"",""id"":""de9da8b8-679d-4ede-95fa-f4258fa05e69""}"
"2018-08-24T10:19:05Z","v1","jane.austin@fabrikam.com","{""api_version"":""v1"",""time"":""24-Aug-18 10:19:05"",""id"":""68ee3261-9fec-49db-8fa0-dc66cc3a2c28""}"
"2018-08-24T10:19:31Z","v1","will.smith@fabrikam.com","{""api_version"":""v1"",""time"":""24-Aug-18 10:19:31"",""id"":""ff2e3ee7-b595-4e7e-88f3-2151253844b1""}"
"2018-08-24T10:19:59Z","v1","john.doe@fabrikam.com","{""api_version"":""v1"",""time"":""24-Aug-18 10:19:59"",""id"":""1af31365-1826-4c67-9ae5-3edfd5b80070""}"
"2018-08-24T10:20:14Z","v1","will.smith@fabrikam.com","{""api_version"":""v1"",""time"":""24-Aug-18 10:20:14"",""id"":""703018d7-4a44-40f9-8057-936f75e9df2f""}"
"2018-08-24T10:20:28Z","v2","will.smith@fabrikam.com","{""api_version"":""v2"",""time"":""24-Aug-18 10:20:28"",""id"":""0c61aaad-4bdb-41e3-9b14-574107612056""}"
"2018-08-24T10:20:40Z","v1","owild@fabrikam.com","{""api_version"":""v1"",""time"":""24-Aug-18 10:20:40"",""id"":""fd746c99-0b26-46da-8474-e7098fdbd078""}"
"2018-08-24T10:21:01Z","v1","will.smith@fabrikam.com","{""api_version"":""v1"",""time"":""24-Aug-18 10:21:01"",""id"":""c34f2bda-b919-4345-a123-a38076f6a30b""}"
"2018-08-24T10:21:14Z","v2","will.smith@fabrikam.com","{""api_version"":""v2"",""time"":""24-Aug-18 10:21:14"",""id"":""b39ed39f-8c5b-45e9-ac42-0e444c2f72e5""}"
"2018-08-24T10:21:35Z","v2","john.doe@fabrikam.com","{""api_version"":""v2"",""time"":""24-Aug-18 10:21:35"",""id"":""4cfc54c7-2a23-4662-99c1-07eb3421328f""}"
"2018-08-24T10:22:04Z","v2","jane.austin@fabrikam.com","{""api_version"":""v2"",""time"":""24-Aug-18 10:22:04"",""id"":""0dacc797-f77c-4893-aa0e-499ba7da3de1""}"
"2018-08-24T10:22:08Z","v1","will.smith@fabrikam.com","{""api_version"":""v1"",""time"":""24-Aug-18 10:22:08"",""id"":""68d0e31e-9684-448e-b0e3-72fc5fde3e0a""}"
"2018-08-24T10:22:18Z","v1","will.smith@fabrikam.com","{""api_version"":""v1"",""time"":""24-Aug-18 10:22:18"",""id"":""6ab6a80d-1217-4bdf-8e59-fe3105a819e9""}"
"2018-08-24T10:22:26Z","v2","john.doe@fabrikam.com","{""api_version"":""v2"",""time"":""24-Aug-18 10:22:26"",""id"":""fba78671-fbee-494d-ab74-ab0def478d63""}"
"2018-08-24T10:22:30Z","v2","will.smith@fabrikam.com","{""api_version"":""v2"",""time"":""24-Aug-18 10:22:30"",""id"":""8fb9cd68-c654-41ff-9203-40066f68d7b0""}"
"2018-08-24T10:22:51Z","v1","jane.doe@fabrikam.com","{""api_version"":""v1"",""time"":""24-Aug-18 10:22:51"",""id"":""cb79b316-f898-4fa1-bf6d-e2c4ecbe61cf""}"
"2018-08-24T10:23:17Z","v1","john.doe@fabrikam.com","{""api_version"":""v1"",""time"":""24-Aug-18 10:23:17"",""id"":""59ad8124-9e97-496e-92cd-c36c50ffaec5""}"
"2018-08-24T10:23:32Z","v2","will.smith@fabrikam.com","{""api_version"":""v2"",""time"":""24-Aug-18 10:23:32"",""id"":""f1de25d5-dc17-40c9-acdf-e329fce005bf""}"
"2018-08-24T10:23:36Z","v1","john.doe@fabrikam.com","{""api_version"":""v1"",""time"":""24-Aug-18 10:23:36"",""id"":""997df81e-2d1b-4f5d-945b-e3700db3ddb2""}"
"2018-08-24T10:23:54Z","v2","jane.austin@fabrikam.com","{""api_version"":""v2"",""time"":""24-Aug-18 10:23:54"",""id"":""7659cee9-ab14-4774-96ba-d1e44efe6922""}"
"2018-08-24T10:24:08Z","v1","john.doe@fabrikam.com","{""api_version"":""v1"",""time"":""24-Aug-18 10:24:08"",""id"":""c40a3e51-4f99-4e61-8ef7-8dd8d2c1cb6b""}"
"2018-08-24T10:24:35Z","v2","owild@fabrikam.com","{""api_version"":""v2"",""time"":""24-Aug-18 10:24:35"",""id"":""2309512b-8754-461e-8055-b7211923957b""}"
"2018-08-24T10:24:56Z","v2","jane.doe@fabrikam.com","{""api_version"":""v2"",""time"":""24-Aug-18 10:24:56"",""id"":""92a82dde-994e-4c75-9445-db667bb1079f""}"
"2018-08-24T10:25:15Z","v1","owild@fabrikam.com","{""api_version"":""v1"",""time"":""24-Aug-18 10:25:15"",""id"":""d1bb6a4f-7cd7-4e0b-8023-0f5ec35c7b47""}"
"2018-08-24T10:25:36Z","v1","john.doe@fabrikam.com","{""api_version"":""v1"",""time"":""24-Aug-18 10:25:36"",""id"":""45c25142-8488-4e1a-b6c1-7d033ef953c0""}"
"2018-08-24T10:26:03Z","v2","owild@fabrikam.com","{""api_version"":""v2"",""time"":""24-Aug-18 10:26:03"",""id"":""554abcba-e936-48a4-b9e1-7b8b9c13d4dd""}"
"2018-08-24T10:26:10Z","v1","owild@fabrikam.com","{""api_version"":""v1"",""time"":""24-Aug-18 10:26:10"",""id"":""daf8ea15-a0ac-49ef-9749-6a232349d44c""}"
"2018-08-24T10:26:39Z","v2","owild@fabrikam.com","{""api_version"":""v2"",""time"":""24-Aug-18 10:26:39"",""id"":""f41670de-a7ce-4e51-861e-c52612a8b7d9""}"
"2018-08-24T10:27:04Z","v1","john.doe@fabrikam.com","{""api_version"":""v1"",""time"":""24-Aug-18 10:27:04"",""id"":""7c68a116-b3cc-4048-b2e8-3452c991a7f5""}"
"2018-08-24T10:27:27Z","v2","owild@fabrikam.com","{""api_version"":""v2"",""time"":""24-Aug-18 10:27:27"",""id"":""3f24e4e3-4eb4-45bc-b883-74903cbb2806""}"
"2018-08-24T10:27:49Z","v1","jane.austin@fabrikam.com","{""api_version"":""v1"",""time"":""24-Aug-18 10:27:49"",""id"":""323ee5d9-5e42-4be0-86b2-60895e7ea764""}"
"2018-08-24T10:27:51Z","v2","jane.austin@fabrikam.com","{""api_version"":""v2"",""time"":""24-Aug-18 10:27:51"",""id"":""33cb06c7-f84c-4685-a507-68e4e6e89e6b""}"
"2018-08-24T10:28:00Z","v2","will.smith@fabrikam.com","{""api_version"":""v2"",""time"":""24-Aug-18 10:28:00"",""id"":""dea9769f-0835-43d4-9c22-78a36c402b16""}"
"2018-08-24T10:28:03Z","v1","owild@fabrikam.com","{""api_version"":""v1"",""time"":""24-Aug-18 10:28:03"",""id"":""549a0561-b5f2-4bab-bb38-6a8df1b80638""}"
"2018-08-24T10:28:08Z","v2","will.smith@fabrikam.com","{""api_version"":""v2"",""time"":""24-Aug-18 10:28:08"",""id"":""c3032644-28ad-4d24-9f9c-990768c14b21""}"
"2018-08-24T10:28:24Z","v1","john.doe@fabrikam.com","{""api_version"":""v1"",""time"":""24-Aug-18 10:28:24"",""id"":""2e9b7b43-6a38-4f81-8ced-dd18723f85e4""}"
"2018-08-24T10:28:24Z","v2","jane.doe@fabrikam.com","{""api_version"":""v2"",""time"":""24-Aug-18 10:28:24"",""id"":""cb653e69-05ca-4df4-84c6-98c1d4657f6d""}"
"2018-08-24T10:28:42Z","v2","john.doe@fabrikam.com","{""api_version"":""v2"",""time"":""24-Aug-18 10:28:42"",""id"":""e085197b-6f8b-494d-813d-0d61ba9a5595""}"
"2018-08-24T10:28:44Z","v1","owild@fabrikam.com","{""api_version"":""v1"",""time"":""24-Aug-18 10:28:44"",""id"":""73715093-761c-4db8-9f12-9e3d9d788557""}"
"2018-08-24T10:29:06Z","v1","jane.doe@fabrikam.com","{""api_version"":""v1"",""time"":""24-Aug-18 10:29:06"",""id"":""b36836a9-af4d-4a42-99e0-51052415f365""}"
"2018-08-24T10:29:32Z","v2","jane.doe@fabrikam.com","{""api_version"":""v2"",""time"":""24-Aug-18 10:29:32"",""id"":""5e0150b8-873d-48d9-b13b-4bf1bcfcfa6a""}"
"2018-08-24T10:29:32Z","v2","will.smith@fabrikam.com","{""api_version"":""v2"",""time"":""24-Aug-18 10:29:32"",""id"":""64f4f19d-8dc3-409d-a397-1ce81522879e""}"
"2018-08-24T10:29:37Z","v1","john.doe@fabrikam.com","{""api_version"":""v1"",""time"":""24-Aug-18 10:29:37"",""id"":""65d37ab0-320d-4a02-a5da-7039e2815d2f""}"
"2018-08-24T10:29:40Z","v2","jane.austin@fabrikam.com","{""api_version"":""v2"",""time"":""24-Aug-18 10:29:40"",""id"":""6faebbd7-02a5-40f8-b4f7-46f43d75da8e""}"
"2018-08-24T10:30:07Z","v2","jane.austin@fabrikam.com","{""api_version"":""v2"",""time"":""24-Aug-18 10:30:07"",""id"":""633062e7-89a1-4768-a6bd-4a73ac4036ce""}"
"2018-08-24T10:30:26Z","v2","jane.doe@fabrikam.com","{""api_version"":""v2"",""time"":""24-Aug-18 10:30:26"",""id"":""9057642e-a18f-447b-b7f0-d11da197774a""}"
"2018-08-24T10:30:33Z","v1","john.doe@fabrikam.com","{""api_version"":""v1"",""time"":""24-Aug-18 10:30:33"",""id"":""2d7e3e2e-228a-4375-a7e3-dddb5f3249a5""}"
"2018-08-24T10:30:55Z","v2","jane.austin@fabrikam.com","{""api_version"":""v2"",""time"":""24-Aug-18 10:30:55"",""id"":""a15d3a56-c8f1-42ee-bd34-a42ac6309d89""}"
"2018-08-24T10:31:10Z","v2","john.doe@fabrikam.com","{""api_version"":""v2"",""time"":""24-Aug-18 10:31:10"",""id"":""d68d6251-140d-4601-8d2c-8039cb6b6509""}"
"2018-08-24T10:31:22Z","v2","owild@fabrikam.com","{""api_version"":""v2"",""time"":""24-Aug-18 10:31:22"",""id"":""9007ba02-2d14-4c34-adb5-e110bb2f5bf4""}"
"2018-08-24T10:31:39Z","v1","jane.austin@fabrikam.com","{""api_version"":""v1"",""time"":""24-Aug-18 10:31:39"",""id"":""3463b1e3-2103-48fc-82a9-1fc7b23d6278""}"
"2018-08-24T10:31:46Z","v1","owild@fabrikam.com","{""api_version"":""v1"",""time"":""24-Aug-18 10:31:46"",""id"":""fcc48316-4714-48a9-b525-4921d30f0a09""}"
"2018-08-24T10:32:03Z","v2","jane.austin@fabrikam.com","{""api_version"":""v2"",""time"":""24-Aug-18 10:32:03"",""id"":""1d8f2ebb-125a-478e-bc4d-1dc7ca80eaaf""}"
"2018-08-24T10:32:17Z","v2","jane.doe@fabrikam.com","{""api_version"":""v2"",""time"":""24-Aug-18 10:32:17"",""id"":""2bb6383d-8b96-4d22-914c-568b612d05df""}"
"2018-08-24T10:32:18Z","v1","jane.austin@fabrikam.com","{""api_version"":""v1"",""time"":""24-Aug-18 10:32:18"",""id"":""5e92c012-4c46-4801-9c47-3f1125dbb6dd""}"
"2018-08-24T10:32:23Z","v2","john.doe@fabrikam.com","{""api_version"":""v2"",""time"":""24-Aug-18 10:32:23"",""id"":""e35fba80-1516-4b0a-ab10-1810fd4fe36b""}"
"2018-08-24T10:32:41Z","v2","will.smith@fabrikam.com","{""api_version"":""v2"",""time"":""24-Aug-18 10:32:41"",""id"":""fb1cd0ea-b655-4fc5-9280-0ad9af7431cd""}"
"2018-08-24T10:32:53Z","v2","jane.doe@fabrikam.com","{""api_version"":""v2"",""time"":""24-Aug-18 10:32:53"",""id"":""01cbdb93-f5a6-4a64-b23d-b11b2b60988d""}"
"2018-08-24T10:33:17Z","v2","will.smith@fabrikam.com","{""api_version"":""v2"",""time"":""24-Aug-18 10:33:17"",""id"":""e9cedc4d-9646-4db1-822c-2cbefe5beaad""}"
"2018-08-24T10:33:36Z","v2","john.doe@fabrikam.com","{""api_version"":""v2"",""time"":""24-Aug-18 10:33:36"",""id"":""7f0898aa-faa0-408a-9f56-e00daca53dbe""}"
"2018-08-24T10:33:59Z","v2","john.doe@fabrikam.com","{""api_version"":""v2"",""time"":""24-Aug-18 10:33:59"",""id"":""f20aaccb-c297-4e23-88b2-b64e3bb6f898""}"
"2018-08-24T10:34:16Z","v2","jane.austin@fabrikam.com","{""api_version"":""v2"",""time"":""24-Aug-18 10:34:16"",""id"":""195d967f-e994-4410-8027-283fba09a749""}"
"2018-08-24T10:34:44Z","v2","jane.doe@fabrikam.com","{""api_version"":""v2"",""time"":""24-Aug-18 10:34:44"",""id"":""2da73cd4-d861-4174-bc81-adbbd5fd64d7""}"
"2018-08-24T10:35:06Z","v2","john.doe@fabrikam.com","{""api_version"":""v2"",""time"":""24-Aug-18 10:35:06"",""id"":""77241c48-d3fe-4032-ac56-b6b06fe7c72b""}"
"2018-08-24T10:35:13Z","v1","jane.doe@fabrikam.com","{""api_version"":""v1"",""time"":""24-Aug-18 10:35:13"",""id"":""429eb857-9cf0-43c9-8a7d-93827f5ff499""}"
"2018-08-24T10:35:17Z","v2","john.doe@fabrikam.com","{""api_version"":""v2"",""time"":""24-Aug-18 10:35:17"",""id"":""1737e297-9902-45b2-81e4-caa914fd74a8""}"
"2018-08-24T10:35:35Z","v1","jane.austin@fabrikam.com","{""api_version"":""v1"",""time"":""24-Aug-18 10:35:35"",""id"":""126be223-faed-4df1-875b-25559f588a1b""}"
"2018-08-24T10:35:42Z","v2","jane.doe@fabrikam.com","{""api_version"":""v2"",""time"":""24-Aug-18 10:35:42"",""id"":""a9842f2c-a696-48d8-84d0-feda0ef82771""}"
"2018-08-24T10:36:01Z","v1","jane.doe@fabrikam.com","{""api_version"":""v1"",""time"":""24-Aug-18 10:36:01"",""id"":""cf69fff0-b070-48a1-966b-26af5c373418""}"
"2018-08-24T10:36:14Z","v1","john.doe@fabrikam.com","{""api_version"":""v1"",""time"":""24-Aug-18 10:36:14"",""id"":""edf27d3e-adfa-4f2e-90bd-18de2d8d22c7""}"
"2018-08-24T10:36:27Z","v1","will.smith@fabrikam.com","{""api_version"":""v1"",""time"":""24-Aug-18 10:36:27"",""id"":""3e46b0a6-fa8d-436d-bccd-524c648ac03a""}"
"2018-08-24T10:36:43Z","v1","jane.doe@fabrikam.com","{""api_version"":""v1"",""time"":""24-Aug-18 10:36:43"",""id"":""2d911889-a69e-4032-883d-8f4ef3dd8985""}"
"2018-08-24T10:37:11Z","v1","jane.austin@fabrikam.com","{""api_version"":""v1"",""time"":""24-Aug-18 10:37:11"",""id"":""7510eb48-d6eb-4f86-9bba-b2f41b355669""}"
"2018-08-24T10:37:21Z","v2","john.doe@fabrikam.com","{""api_version"":""v2"",""time"":""24-Aug-18 10:37:21"",""id"":""dd00de20-8a07-48e5-8c06-652d3aab7983""}"
"2018-08-24T10:37:21Z","v1","will.smith@fabrikam.com","{""api_version"":""v1"",""time"":""24-Aug-18 10:37:21"",""id"":""d626a871-077a-4f2c-a0d1-d78966705516""}"
"2018-08-24T10:37:40Z","v2","owild@fabrikam.com","{""api_version"":""v2"",""time"":""24-Aug-18 10:37:40"",""id"":""6cc95519-47e0-4fbe-a81b-eb33f326c995""}"
"2018-08-24T10:38:09Z","v1","jane.doe@fabrikam.com","{""api_version"":""v1"",""time"":""24-Aug-18 10:38:09"",""id"":""9c8d4b53-6ece-435f-b7fa-3953dc214bcc""}"
"2018-08-24T10:38:12Z","v1","jane.doe@fabrikam.com","{""api_version"":""v1"",""time"":""24-Aug-18 10:38:12"",""id"":""9f2845b2-fbd1-4d94-bc6c-a4e39d141949""}"
"2018-08-24T10:38:18Z","v1","owild@fabrikam.com","{""api_version"":""v1"",""time"":""24-Aug-18 10:38:18"",""id"":""ec99cb76-e13c-4bc0-8738-0d477af2399e""}"
"2018-08-24T10:38:37Z","v1","jane.doe@fabrikam.com","{""api_version"":""v1"",""time"":""24-Aug-18 10:38:37"",""id"":""7015c108-0c4e-471a-b088-b7f8b7512ee4""}"
"2018-08-24T10:38:48Z","v1","jane.austin@fabrikam.com","{""api_version"":""v1"",""time"":""24-Aug-18 10:38:48"",""id"":""07f60b5e-5b3e-4157-b5d7-bc3de7f925ca""}"
"2018-08-24T10:38:59Z","v2","will.smith@fabrikam.com","{""api_version"":""v2"",""time"":""24-Aug-18 10:38:59"",""id"":""9f51f32d-143b-454b-8deb-1cae524e232d""}"
"2018-08-24T10:39:28Z","v2","will.smith@fabrikam.com","{""api_version"":""v2"",""time"":""24-Aug-18 10:39:28"",""id"":""2a9ff020-f648-481f-8ed5-e9ea495ff4f3""}"
"2018-08-24T10:39:51Z","v1","will.smith@fabrikam.com","{""api_version"":""v1"",""time"":""24-Aug-18 10:39:51"",""id"":""60275222-54fe-4d56-986f-a60d10406b80""}"
"2018-08-24T10:40:00Z","v2","jane.austin@fabrikam.com","{""api_version"":""v2"",""time"":""24-Aug-18 10:40:00"",""id"":""d6cd3585-afc5-4df0-899f-e389f9f96c0b""}"
"2018-08-24T10:40:02Z","v2","jane.doe@fabrikam.com","{""api_version"":""v2"",""time"":""24-Aug-18 10:40:02"",""id"":""12a0d8bf-301b-420a-8c6f-72855487257e""}"
"2018-08-24T10:40:05Z","v2","john.doe@fabrikam.com","{""api_version"":""v2"",""time"":""24-Aug-18 10:40:05"",""id"":""91b5fa7d-7d54-417e-a550-0e67a9e7f39c""}"
"2018-08-24T10:40:05Z","v2","will.smith@fabrikam.com","{""api_version"":""v2"",""time"":""24-Aug-18 10:40:05"",""id"":""4043b5d5-b06a-4635-82f4-79487d236965""}"
"2018-08-24T10:40:19Z","v2","jane.doe@fabrikam.com","{""api_version"":""v2"",""time"":""24-Aug-18 10:40:19"",""id"":""4a147883-7e05-4377-a5c2-4641f05193ba""}"
"2018-08-24T10:40:21Z","v2","john.doe@fabrikam.com","{""api_version"":""v2"",""time"":""24-Aug-18 10:40:21"",""id"":""b1ce4aec-a1fa-4bde-bc0f-ebfa18c3091a""}"
"2018-08-24T10:40:46Z","v2","owild@fabrikam.com","{""api_version"":""v2"",""time"":""24-Aug-18 10:40:46"",""id"":""ca541005-7683-4acc-b26c-12b5f6c0ff7d""}"
"2018-08-24T10:40:56Z","v2","will.smith@fabrikam.com","{""api_version"":""v2"",""time"":""24-Aug-18 10:40:56"",""id"":""cba31e19-2053-4002-a506-64837a4287c7""}"
"2018-08-24T10:41:14Z","v2","jane.austin@fabrikam.com","{""api_version"":""v2"",""time"":""24-Aug-18 10:41:14"",""id"":""8ce7bd79-9bab-418d-9ad8-baa22d96446c""}"
"2018-08-24T10:41:31Z","v2","owild@fabrikam.com","{""api_version"":""v2"",""time"":""24-Aug-18 10:41:31"",""id"":""2ccf4baf-7be1-4862-9d77-6bab392eb050""}"
"2018-08-24T10:41:45Z","v1","john.doe@fabrikam.com","{""api_version"":""v1"",""time"":""24-Aug-18 10:41:45"",""id"":""eff4ae72-0280-4ada-a6b0-cfb543f32641""}"
"2018-08-24T10:42:04Z","v2","john.doe@fabrikam.com","{""api_version"":""v2"",""time"":""24-Aug-18 10:42:04"",""id"":""8b03a4cc-26e7-4c58-afb1-09348b3013de""}"
"2018-08-24T10:42:24Z","v1","jane.doe@fabrikam.com","{""api_version"":""v1"",""time"":""24-Aug-18 10:42:24"",""id"":""4bee67d0-b5ec-4532-83f3-6f722b2c0038""}"
"2018-08-24T10:42:44Z","v1","will.smith@fabrikam.com","{""api_version"":""v1"",""time"":""24-Aug-18 10:42:44"",""id"":""c6ee4774-1fad-4d1e-b1ca-b4a0d4b83979""}"
"2018-08-24T10:43:06Z","v2","john.doe@fabrikam.com","{""api_version"":""v2"",""time"":""24-Aug-18 10:43:06"",""id"":""efcf5d50-da6d-45cc-8065-be9c72d825bd""}"
"2018-08-24T10:43:08Z","v1","jane.austin@fabrikam.com","{""api_version"":""v1"",""time"":""24-Aug-18 10:43:08"",""id"":""1fdc6ea5-4ad6-47f3-b287-a676505a9da6""}"
"2018-08-24T10:43:11Z","v2","john.doe@fabrikam.com","{""api_version"":""v2"",""time"":""24-Aug-18 10:43:11"",""id"":""eaf702a0-5ca7-411f-bde9-4a3824d9d1a8""}"
"2018-08-24T10:43:32Z","v1","john.doe@fabrikam.com","{""api_version"":""v1"",""time"":""24-Aug-18 10:43:32"",""id"":""2c675072-ec12-4679-bcd4-43c57e24fc44""}"
"2018-08-24T10:43:37Z","v2","owild@fabrikam.com","{""api_version"":""v2"",""time"":""24-Aug-18 10:43:37"",""id"":""95d3c167-687e-4ed5-9872-ad25ab6a2a3d""}"
"2018-08-24T10:44:05Z","v1","john.doe@fabrikam.com","{""api_version"":""v1"",""time"":""24-Aug-18 10:44:05"",""id"":""49077a8d-d744-429c-b030-950074f9cac8""}"
"2018-08-24T10:44:06Z","v1","will.smith@fabrikam.com","{""api_version"":""v1"",""time"":""24-Aug-18 10:44:06"",""id"":""b78965e7-36ce-4ed8-a755-70bfbb85e7af""}"
"2018-08-24T10:44:33Z","v2","jane.austin@fabrikam.com","{""api_version"":""v2"",""time"":""24-Aug-18 10:44:33"",""id"":""3932bb72-cf44-4441-8afb-6e4ac0de29c1""}"
"2018-08-24T10:44:56Z","v1","will.smith@fabrikam.com","{""api_version"":""v1"",""time"":""24-Aug-18 10:44:56"",""id"":""06ade6e1-d15d-484c-b2b8-eea80a9d7401""}"
"2018-08-24T10:45:14Z","v2","owild@fabrikam.com","{""api_version"":""v2"",""time"":""24-Aug-18 10:45:14"",""id"":""e10d90be-2807-4a29-8c57-e8f81ecf0924""}"
"2018-08-24T10:45:33Z","v2","john.doe@fabrikam.com","{""api_version"":""v2"",""time"":""24-Aug-18 10:45:33"",""id"":""bfd684cb-2c42-40c8-adc8-7f93b4b98500""}"
"2018-08-24T10:45:52Z","v1","will.smith@fabrikam.com","{""api_version"":""v1"",""time"":""24-Aug-18 10:45:52"",""id"":""2384faa3-15e7-49cd-9087-5c8ef8f33adf""}"
"2018-08-24T10:46:01Z","v1","jane.doe@fabrikam.com","{""api_version"":""v1"",""time"":""24-Aug-18 10:46:01"",""id"":""c53be523-3457-4aeb-a2fd-7228a16237f7""}"
"2018-08-24T10:46:06Z","v2","jane.doe@fabrikam.com","{""api_version"":""v2"",""time"":""24-Aug-18 10:46:06"",""id"":""d570fb14-bf7b-498f-a458-7d57b8918931""}"
"2018-08-24T10:46:13Z","v2","jane.doe@fabrikam.com","{""api_version"":""v2"",""time"":""24-Aug-18 10:46:13"",""id"":""363d8531-1356-432c-872a-eacb61cdafe9""}"
"2018-08-24T10:46:21Z","v2","owild@fabrikam.com","{""api_version"":""v2"",""time"":""24-Aug-18 10:46:21"",""id"":""6112a65c-1213-43f9-afee-dbb35f06af7d""}"
"2018-08-24T10:46:28Z","v2","will.smith@fabrikam.com","{""api_version"":""v2"",""time"":""24-Aug-18 10:46:28"",""id"":""b59895e4-32d9-4ec0-8a6d-83ba24c703aa""}"
"2018-08-24T10:46:28Z","v1","will.smith@fabrikam.com","{""api_version"":""v1"",""time"":""24-Aug-18 10:46:28"",""id"":""d33a28ee-e093-4232-9c3c-13682c6edb5c""}"
"2018-08-24T10:46:56Z","v2","owild@fabrikam.com","{""api_version"":""v2"",""time"":""24-Aug-18 10:46:56"",""id"":""ec11a906-1004-4bb3-a4fc-828ba624ccdf""}"
"2018-08-24T10:47:12Z","v2","will.smith@fabrikam.com","{""api_version"":""v2"",""time"":""24-Aug-18 10:47:12"",""id"":""c006e098-976f-4e33-a64c-d22b5c5d301c""}"
"2018-08-24T10:47:12Z","v2","jane.austin@fabrikam.com","{""api_version"":""v2"",""time"":""24-Aug-18 10:47:12"",""id"":""232753ba-602c-4d22-879d-016c7b51a517""}"
"2018-08-24T10:47:26Z","v2","john.doe@fabrikam.com","{""api_version"":""v2"",""time"":""24-Aug-18 10:47:26"",""id"":""874ec7a2-0e14-4edd-860f-2071dbb10fae""}"
"2018-08-24T10:47:33Z","v2","john.doe@fabrikam.com","{""api_version"":""v2"",""time"":""24-Aug-18 10:47:33"",""id"":""87d8ceca-c84b-4176-a04f-2307b47a10b1""}"
"2018-08-24T10:47:47Z","v2","will.smith@fabrikam.com","{""api_version"":""v2"",""time"":""24-Aug-18 10:47:47"",""id"":""2145ebb4-5f1f-4f9b-aba2-0b2ed7d742de""}"
"2018-08-24T10:47:57Z","v2","owild@fabrikam.com","{""api_version"":""v2"",""time"":""24-Aug-18 10:47:57"",""id"":""edb923d8-978a-4dd3-89a0-e0c697017329""}"
"2018-08-24T10:48:12Z","v1","john.doe@fabrikam.com","{""api_version"":""v1"",""time"":""24-Aug-18 10:48:12"",""id"":""53dd671f-9aa0-4846-a648-19e3e9b60155""}"
"2018-08-24T10:48:35Z","v2","john.doe@fabrikam.com","{""api_version"":""v2"",""time"":""24-Aug-18 10:48:35"",""id"":""ed88a0b5-4205-485d-bd99-4ba5bb4de6d7""}"
"2018-08-24T10:48:55Z","v1","jane.austin@fabrikam.com","{""api_version"":""v1"",""time"":""24-Aug-18 10:48:55"",""id"":""bbb36555-35e3-42a1-ade8-b0cec893a042""}"
"2018-08-24T10:49:07Z","v1","will.smith@fabrikam.com","{""api_version"":""v1"",""time"":""24-Aug-18 10:49:07"",""id"":""92cad8ea-8968-4d6d-be60-d58428638a79""}"
"2018-08-24T10:49:31Z","v2","owild@fabrikam.com","{""api_version"":""v2"",""time"":""24-Aug-18 10:49:31"",""id"":""d0f397e4-97ea-4e5b-82ee-10bbdd368f01""}"
"2018-08-24T10:49:49Z","v2","jane.austin@fabrikam.com","{""api_version"":""v2"",""time"":""24-Aug-18 10:49:49"",""id"":""8375dd47-aff9-4646-9e05-31d8a7080494""}"
"2018-08-24T10:49:53Z","v2","john.doe@fabrikam.com","{""api_version"":""v2"",""time"":""24-Aug-18 10:49:53"",""id"":""57528590-c8e1-4c00-b9f9-bddef2f9a40e""}"
"2018-08-24T10:50:18Z","v1","will.smith@fabrikam.com","{""api_version"":""v1"",""time"":""24-Aug-18 10:50:18"",""id"":""1396f35f-5d0e-400e-a3e1-377582ef8878""}"
"2018-08-24T10:50:28Z","v1","owild@fabrikam.com","{""api_version"":""v1"",""time"":""24-Aug-18 10:50:28"",""id"":""b3c34690-ed0e-4226-a339-8a361a8a103a""}"
"2018-08-24T10:50:33Z","v2","will.smith@fabrikam.com","{""api_version"":""v2"",""time"":""24-Aug-18 10:50:33"",""id"":""b65ddf8a-b624-4c32-b922-f501891301b2""}"
"2018-08-24T10:50:56Z","v1","jane.austin@fabrikam.com","{""api_version"":""v1"",""time"":""24-Aug-18 10:50:56"",""id"":""69b21d90-8b23-46e1-a984-67209a927b53""}"
"2018-08-24T10:51:13Z","v2","jane.doe@fabrikam.com","{""api_version"":""v2"",""time"":""24-Aug-18 10:51:13"",""id"":""b93bae8a-c863-41c6-bc31-1ab7b0d905c0""}"
"2018-08-24T10:51:22Z","v2","john.doe@fabrikam.com","{""api_version"":""v2"",""time"":""24-Aug-18 10:51:22"",""id"":""1e6696ba-4360-43f6-bc04-ba16f00c0576""}"
"2018-08-24T10:51:39Z","v1","will.smith@fabrikam.com","{""api_version"":""v1"",""time"":""24-Aug-18 10:51:39"",""id"":""887f8138-d886-484f-8515-f016852c832d""}"
"2018-08-24T10:51:40Z","v1","owild@fabrikam.com","{""api_version"":""v1"",""time"":""24-Aug-18 10:51:40"",""id"":""3a1f308c-279d-40b8-b5a5-27a5847a03ea""}"
"2018-08-24T10:51:52Z","v2","owild@fabrikam.com","{""api_version"":""v2"",""time"":""24-Aug-18 10:51:52"",""id"":""85460f9e-d8b2-4903-8fe5-5db36e5dd112""}"
"2018-08-24T10:52:15Z","v2","owild@fabrikam.com","{""api_version"":""v2"",""time"":""24-Aug-18 10:52:15"",""id"":""8901f6bc-fe89-4006-bba6-376be9aa5dec""}"
"2018-08-24T10:52:37Z","v1","john.doe@fabrikam.com","{""api_version"":""v1"",""time"":""24-Aug-18 10:52:37"",""id"":""01a62314-11f9-4b18-ada4-d9b3d288f1c9""}"
"2018-08-24T10:53:05Z","v2","will.smith@fabrikam.com","{""api_version"":""v2"",""time"":""24-Aug-18 10:53:05"",""id"":""3e601385-6aa7-4396-8a62-4f350600e53a""}"
"2018-08-24T10:53:22Z","v2","jane.doe@fabrikam.com","{""api_version"":""v2"",""time"":""24-Aug-18 10:53:22"",""id"":""72b1cb30-375d-4f27-8972-85bc3bd4185b""}"
"2018-08-24T10:53:38Z","v1","owild@fabrikam.com","{""api_version"":""v1"",""time"":""24-Aug-18 10:53:38"",""id"":""1b0b84f5-264d-4ebd-9f7b-47d34dfa18d0""}"
"2018-08-24T10:53:38Z","v1","jane.doe@fabrikam.com","{""api_version"":""v1"",""time"":""24-Aug-18 10:53:38"",""id"":""5a03000d-5086-46cd-9a76-3b238fd4c0db""}"
"2018-08-24T10:53:49Z","v1","jane.austin@fabrikam.com","{""api_version"":""v1"",""time"":""24-Aug-18 10:53:49"",""id"":""fe696a0d-7f3f-4760-9444-7befe9d2808c""}"
"2018-08-24T10:53:58Z","v1","jane.austin@fabrikam.com","{""api_version"":""v1"",""time"":""24-Aug-18 10:53:58"",""id"":""cc8dce53-366b-44be-8151-25dcad1b9118""}"
"2018-08-24T10:54:13Z","v2","john.doe@fabrikam.com","{""api_version"":""v2"",""time"":""24-Aug-18 10:54:13"",""id"":""e2825143-1cc0-45a6-a5f1-784f7b69efea""}"
"2018-08-24T10:54:29Z","v1","will.smith@fabrikam.com","{""api_version"":""v1"",""time"":""24-Aug-18 10:54:29"",""id"":""b5d8546b-0ac8-4162-ac02-9c60acd32983""}"
"2018-08-24T10:54:57Z","v1","will.smith@fabrikam.com","{""api_version"":""v1"",""time"":""24-Aug-18 10:54:57"",""id"":""3917f7b8-da7e-42e5-8845-2ac632e5ca2b""}"
"2018-08-24T10:55:20Z","v1","jane.austin@fabrikam.com","{""api_version"":""v1"",""time"":""24-Aug-18 10:55:20"",""id"":""d6699065-484c-4542-8b67-230153d5911b""}"
"2018-08-24T10:55:27Z","v2","will.smith@fabrikam.com","{""api_version"":""v2"",""time"":""24-Aug-18 10:55:27"",""id"":""3bba2aa6-fc7b-4093-8401-669fb1f24121""}"
"2018-08-24T10:55:54Z","v2","john.doe@fabrikam.com","{""api_version"":""v2"",""time"":""24-Aug-18 10:55:54"",""id"":""75ac4573-83b2-4207-9a5a-285ea1b79917""}"
"2018-08-24T10:56:14Z","v1","john.doe@fabrikam.com","{""api_version"":""v1"",""time"":""24-Aug-18 10:56:14"",""id"":""46881e14-2671-4176-9926-dcf3f380cc5e""}"
"2018-08-24T10:56:21Z","v2","owild@fabrikam.com","{""api_version"":""v2"",""time"":""24-Aug-18 10:56:21"",""id"":""90e0270f-8f16-43bb-be5a-4a67e9b9845e""}"
"2018-08-24T10:56:23Z","v2","john.doe@fabrikam.com","{""api_version"":""v2"",""time"":""24-Aug-18 10:56:23"",""id"":""c2f846eb-5e55-4ff7-a2b2-55ef9fe477f6""}"
"2018-08-24T10:56:23Z","v1","jane.austin@fabrikam.com","{""api_version"":""v1"",""time"":""24-Aug-18 10:56:23"",""id"":""2a57945d-4c46-4d15-9d1d-6b2f8f2f476d""}"
"2018-08-24T10:56:50Z","v1","john.doe@fabrikam.com","{""api_version"":""v1"",""time"":""24-Aug-18 10:56:50"",""id"":""a2630131-61e0-4ca2-a3ed-94d6b9ae8c8f""}"
"2018-08-24T10:57:05Z","v1","owild@fabrikam.com","{""api_version"":""v1"",""time"":""24-Aug-18 10:57:05"",""id"":""20fed11b-e351-42e5-8e7f-0d0aa034c283""}"
"2018-08-24T10:57:31Z","v1","owild@fabrikam.com","{""api_version"":""v1"",""time"":""24-Aug-18 10:57:31"",""id"":""5c6c83d4-2ae8-472a-a9a5-ab3a77e60cc5""}"
"2018-08-24T10:57:40Z","v2","owild@fabrikam.com","{""api_version"":""v2"",""time"":""24-Aug-18 10:57:40"",""id"":""cdf4cb34-706e-48bd-8e23-cb9d292fc418""}"
"2018-08-24T10:58:02Z","v1","owild@fabrikam.com","{""api_version"":""v1"",""time"":""24-Aug-18 10:58:02"",""id"":""ca74d6b7-ca8e-4b67-bc11-36179ef0f8df""}"
"2018-08-24T10:58:06Z","v2","jane.austin@fabrikam.com","{""api_version"":""v2"",""time"":""24-Aug-18 10:58:06"",""id"":""c47639be-e065-4905-96dc-5881a1324b68""}"
"2018-08-24T10:58:18Z","v2","will.smith@fabrikam.com","{""api_version"":""v2"",""time"":""24-Aug-18 10:58:18"",""id"":""4bf2ecf9-637c-402c-9959-24b3940724cc""}"
"2018-08-24T10:58:44Z","v1","will.smith@fabrikam.com","{""api_version"":""v1"",""time"":""24-Aug-18 10:58:44"",""id"":""3e799e57-f53a-4125-a1c8-9e6add3d0ee6""}"
"2018-08-24T10:58:54Z","v2","jane.austin@fabrikam.com","{""api_version"":""v2"",""time"":""24-Aug-18 10:58:54"",""id"":""41b2ebba-82e0-4c83-8f0e-fbd73bb93ca1""}"
"2018-08-24T10:59:17Z","v2","will.smith@fabrikam.com","{""api_version"":""v2"",""time"":""24-Aug-18 10:59:17"",""id"":""7a56ae8f-6b9d-473c-a2b7-d396b0f04fbc""}"
"2018-08-24T10:59:42Z","v2","owild@fabrikam.com","{""api_version"":""v2"",""time"":""24-Aug-18 10:59:42"",""id"":""7d8f81a9-4c5d-437f-918f-bbac43b5c49c""}"
"2018-08-24T10:59:56Z","v1","jane.doe@fabrikam.com","{""api_version"":""v1"",""time"":""24-Aug-18 10:59:56"",""id"":""de56dcfa-0b9e-46ee-9ec2-fb2ccd0272e7""}"
"2018-08-24T11:00:17Z","v2","owild@fabrikam.com","{""api_version"":""v2"",""time"":""24-Aug-18 11:00:17"",""id"":""71471669-682d-46f7-98e5-3201f2be7733""}"
"2018-08-24T11:00:32Z","v2","john.doe@fabrikam.com","{""api_version"":""v2"",""time"":""24-Aug-18 11:00:32"",""id"":""590f0e68-0aff-45f9-bab6-7dde99910230""}"
"2018-08-24T11:00:39Z","v2","jane.austin@fabrikam.com","{""api_version"":""v2"",""time"":""24-Aug-18 11:00:39"",""id"":""f3b2ead6-a91e-47d0-9cfd-81c143332b74""}"
"2018-08-24T11:00:39Z","v1","owild@fabrikam.com","{""api_version"":""v1"",""time"":""24-Aug-18 11:00:39"",""id"":""6db4156d-2ab4-430f-9707-5eba7448e444""}"
"2018-08-24T11:00:50Z","v2","owild@fabrikam.com","{""api_version"":""v2"",""time"":""24-Aug-18 11:00:50"",""id"":""0d600bb5-c4d5-4466-8323-0d4348bdc9d2""}"
"2018-08-24T11:01:08Z","v1","will.smith@fabrikam.com","{""api_version"":""v1"",""time"":""24-Aug-18 11:01:08"",""id"":""a246d61b-b96c-45be-9512-e69ad1618584""}"
"2018-08-24T11:01:22Z","v2","will.smith@fabrikam.com","{""api_version"":""v2"",""time"":""24-Aug-18 11:01:22"",""id"":""95c95ea1-96f7-47cd-92af-5c4324a444d4""}"
"2018-08-24T11:01:24Z","v1","owild@fabrikam.com","{""api_version"":""v1"",""time"":""24-Aug-18 11:01:24"",""id"":""ecfedf3e-f0d1-423d-a4da-b413ff5194a1""}"
"2018-08-24T11:01:38Z","v1","jane.austin@fabrikam.com","{""api_version"":""v1"",""time"":""24-Aug-18 11:01:38"",""id"":""b6eb601e-4772-4a45-b62c-bcdec7d95e67""}"
"2018-08-24T11:01:51Z","v1","jane.doe@fabrikam.com","{""api_version"":""v1"",""time"":""24-Aug-18 11:01:51"",""id"":""2658dfba-703d-482c-8634-35e1f78194d6""}"
"2018-08-24T11:02:00Z","v2","jane.austin@fabrikam.com","{""api_version"":""v2"",""time"":""24-Aug-18 11:02:00"",""id"":""41985449-c742-4e15-a196-1546e95d8015""}"
"2018-08-24T11:02:23Z","v1","jane.doe@fabrikam.com","{""api_version"":""v1"",""time"":""24-Aug-18 11:02:23"",""id"":""ead0958c-4f47-421b-a901-f7a43127c026""}"
"2018-08-24T11:02:27Z","v2","owild@fabrikam.com","{""api_version"":""v2"",""time"":""24-Aug-18 11:02:27"",""id"":""a24a7fe3-c28f-4e38-aebc-3513fa264602""}"
"2018-08-24T11:02:43Z","v2","will.smith@fabrikam.com","{""api_version"":""v2"",""time"":""24-Aug-18 11:02:43"",""id"":""d2465184-91a7-4f32-94d6-087169c47b35""}"
"2018-08-24T11:02:50Z","v1","jane.austin@fabrikam.com","{""api_version"":""v1"",""time"":""24-Aug-18 11:02:50"",""id"":""1c0fb66f-c1ca-4c79-b468-2853581f5e46""}"
"2018-08-24T11:02:51Z","v2","john.doe@fabrikam.com","{""api_version"":""v2"",""time"":""24-Aug-18 11:02:51"",""id"":""61db88e3-ca76-4d5c-92f7-a772eb00f657""}"
"2018-08-24T11:02:53Z","v2","jane.austin@fabrikam.com","{""api_version"":""v2"",""time"":""24-Aug-18 11:02:53"",""id"":""3535d1ad-0112-4569-bd10-aeb0b538ffd4""}"
"2018-08-24T11:03:14Z","v2","jane.austin@fabrikam.com","{""api_version"":""v2"",""time"":""24-Aug-18 11:03:14"",""id"":""4077572a-15f7-404e-8bac-2e39dbd6db08""}"
"2018-08-24T11:03:43Z","v2","will.smith@fabrikam.com","{""api_version"":""v2"",""time"":""24-Aug-18 11:03:43"",""id"":""bbdb1f9a-073c-4260-92de-8af454adb027""}"
"2018-08-24T11:04:06Z","v1","will.smith@fabrikam.com","{""api_version"":""v1"",""time"":""24-Aug-18 11:04:06"",""id"":""3fb2a7d6-31c7-4990-97a5-3955908b4cd8""}"
"2018-08-24T11:04:11Z","v2","john.doe@fabrikam.com","{""api_version"":""v2"",""time"":""24-Aug-18 11:04:11"",""id"":""d916a360-719e-4072-8c79-101f578bc1c6""}"
"2018-08-24T11:04:36Z","v2","owild@fabrikam.com","{""api_version"":""v2"",""time"":""24-Aug-18 11:04:36"",""id"":""992acf0a-af15-4bae-a108-4a7e8c044c65""}"
"2018-08-24T11:05:00Z","v1","will.smith@fabrikam.com","{""api_version"":""v1"",""time"":""24-Aug-18 11:05:00"",""id"":""c6f18fbc-6697-43b1-a6c4-39a6c81968f1""}"
"2018-08-24T11:05:15Z","v2","john.doe@fabrikam.com","{""api_version"":""v2"",""time"":""24-Aug-18 11:05:15"",""id"":""f36ccd8d-1ca1-4281-8585-cf2cff4187d6""}"
"2018-08-24T11:05:35Z","v2","jane.austin@fabrikam.com","{""api_version"":""v2"",""time"":""24-Aug-18 11:05:35"",""id"":""b5c98684-6c85-45f7-8e18-e2c1d65d078e""}"
"2018-08-24T11:05:39Z","v2","john.doe@fabrikam.com","{""api_version"":""v2"",""time"":""24-Aug-18 11:05:39"",""id"":""f8122a6b-489b-436c-af36-09a6c6f0f296""}"
"2018-08-24T11:05:54Z","v1","jane.austin@fabrikam.com","{""api_version"":""v1"",""time"":""24-Aug-18 11:05:54"",""id"":""09c5b716-add4-46d0-a2b6-d2d0e4f67839""}"
"2018-08-24T11:05:59Z","v2","jane.austin@fabrikam.com","{""api_version"":""v2"",""time"":""24-Aug-18 11:05:59"",""id"":""52d79723-63a7-4ba6-b7f8-0145b11b51fc""}"
"2018-08-24T11:06:02Z","v1","john.doe@fabrikam.com","{""api_version"":""v1"",""time"":""24-Aug-18 11:06:02"",""id"":""cff0eb40-f94e-4dd6-93a4-fa9f163cbf03""}"
"2018-08-24T11:06:19Z","v1","will.smith@fabrikam.com","{""api_version"":""v1"",""time"":""24-Aug-18 11:06:19"",""id"":""99eb7705-9f12-4f92-8a2f-af3741c58802""}"
"2018-08-24T11:06:26Z","v1","owild@fabrikam.com","{""api_version"":""v1"",""time"":""24-Aug-18 11:06:26"",""id"":""deef4d04-f39f-4f2d-b03f-a7652879d9d6""}"
"2018-08-24T11:06:55Z","v1","john.doe@fabrikam.com","{""api_version"":""v1"",""time"":""24-Aug-18 11:06:55"",""id"":""fbc1703b-dc3b-4f81-a29c-fa7882769041""}"
"2018-08-24T11:07:00Z","v1","jane.doe@fabrikam.com","{""api_version"":""v1"",""time"":""24-Aug-18 11:07:00"",""id"":""77b25da7-0ecd-4796-8c4e-e61134e3c1c0""}"
"2018-08-24T11:07:11Z","v1","owild@fabrikam.com","{""api_version"":""v1"",""time"":""24-Aug-18 11:07:11"",""id"":""9b345012-91a2-4786-957b-dab40bd904a9""}"
"2018-08-24T11:07:29Z","v2","will.smith@fabrikam.com","{""api_version"":""v2"",""time"":""24-Aug-18 11:07:29"",""id"":""4f6ae99c-ab8f-4a01-84c8-532bb86bde05""}"
"2018-08-24T11:07:43Z","v2","owild@fabrikam.com","{""api_version"":""v2"",""time"":""24-Aug-18 11:07:43"",""id"":""6ec6bf83-6a85-4f0e-8aa2-478671998543""}"
"2018-08-24T11:07:44Z","v2","owild@fabrikam.com","{""api_version"":""v2"",""time"":""24-Aug-18 11:07:44"",""id"":""a877d710-819e-415f-87ed-2b7f83a9c0e1""}"
"2018-08-24T11:07:59Z","v1","jane.doe@fabrikam.com","{""api_version"":""v1"",""time"":""24-Aug-18 11:07:59"",""id"":""8cf609bf-d8a1-4396-bcbd-d7769a9cfd53""}"
"2018-08-24T11:08:17Z","v2","jane.austin@fabrikam.com","{""api_version"":""v2"",""time"":""24-Aug-18 11:08:17"",""id"":""31c17b30-af8c-4d37-b519-1367f853c17e""}"
"2018-08-24T11:08:20Z","v1","jane.doe@fabrikam.com","{""api_version"":""v1"",""time"":""24-Aug-18 11:08:20"",""id"":""757c2cb8-502f-4fc6-890b-9beea443d0b1""}"
"2018-08-24T11:08:44Z","v1","jane.austin@fabrikam.com","{""api_version"":""v1"",""time"":""24-Aug-18 11:08:44"",""id"":""fa1ae52e-2545-4c93-8bb2-9f3e56c14e84""}"
"2018-08-24T11:08:54Z","v2","jane.doe@fabrikam.com","{""api_version"":""v2"",""time"":""24-Aug-18 11:08:54"",""id"":""3ffcb469-af3b-40bd-8c5c-564072795746""}"
"2018-08-24T11:09:05Z","v2","will.smith@fabrikam.com","{""api_version"":""v2"",""time"":""24-Aug-18 11:09:05"",""id"":""bb4cfb27-c4e1-4088-8f80-a0d23b193eb1""}"
"2018-08-24T11:09:12Z","v1","john.doe@fabrikam.com","{""api_version"":""v1"",""time"":""24-Aug-18 11:09:12"",""id"":""58ae958e-2116-47df-bd06-12ed3336f618""}"
"2018-08-24T11:09:40Z","v2","jane.doe@fabrikam.com","{""api_version"":""v2"",""time"":""24-Aug-18 11:09:40"",""id"":""5edc34f9-1f50-4512-ab6f-5dba8c01c974""}"
"2018-08-24T11:09:52Z","v1","jane.austin@fabrikam.com","{""api_version"":""v1"",""time"":""24-Aug-18 11:09:52"",""id"":""d96977b3-afc2-4e6e-a60d-f4dc60c5e8eb""}"
"2018-08-24T11:10:19Z","v2","will.smith@fabrikam.com","{""api_version"":""v2"",""time"":""24-Aug-18 11:10:19"",""id"":""dfcb6132-3172-4b30-ae27-01ac5076788b""}"
"2018-08-24T11:10:43Z","v1","john.doe@fabrikam.com","{""api_version"":""v1"",""time"":""24-Aug-18 11:10:43"",""id"":""c7b16cfe-d006-4c74-9778-accd790fac34""}"
"2018-08-24T11:10:47Z","v2","will.smith@fabrikam.com","{""api_version"":""v2"",""time"":""24-Aug-18 11:10:47"",""id"":""6f7750e3-b324-4ce6-be9b-b47350dbfacf""}"
"2018-08-24T11:10:57Z","v1","jane.doe@fabrikam.com","{""api_version"":""v1"",""time"":""24-Aug-18 11:10:57"",""id"":""02640dd7-8b6f-4464-a854-f7245599aef5""}"
"2018-08-24T11:11:26Z","v1","jane.doe@fabrikam.com","{""api_version"":""v1"",""time"":""24-Aug-18 11:11:26"",""id"":""34935b3b-24a4-4354-b8fc-4fb8ddcc220a""}"
"2018-08-24T11:11:45Z","v2","will.smith@fabrikam.com","{""api_version"":""v2"",""time"":""24-Aug-18 11:11:45"",""id"":""c3d30d56-c7ae-4839-93a5-3de1c4fde1e7""}"
"2018-08-24T11:12:00Z","v1","jane.austin@fabrikam.com","{""api_version"":""v1"",""time"":""24-Aug-18 11:12:00"",""id"":""b196973a-0fd1-479a-b258-258b61cfe5b3""}"
"2018-08-24T11:12:10Z","v2","will.smith@fabrikam.com","{""api_version"":""v2"",""time"":""24-Aug-18 11:12:10"",""id"":""cabdf9d6-f937-4a40-b971-2332a1cb0dde""}"
"2018-08-24T11:12:15Z","v2","jane.doe@fabrikam.com","{""api_version"":""v2"",""time"":""24-Aug-18 11:12:15"",""id"":""6d60706d-c7db-4fff-b8fc-4dfba23870bd""}"
"2018-08-24T11:12:44Z","v1","will.smith@fabrikam.com","{""api_version"":""v1"",""time"":""24-Aug-18 11:12:44"",""id"":""1fbbf092-ccfe-4c6a-972f-2c153ecfcda7""}"
"2018-08-24T11:13:09Z","v2","jane.doe@fabrikam.com","{""api_version"":""v2"",""time"":""24-Aug-18 11:13:09"",""id"":""d4b159ed-c69a-4cd4-8e01-22b929e64cdc""}"
"2018-08-24T11:13:33Z","v2","jane.doe@fabrikam.com","{""api_version"":""v2"",""time"":""24-Aug-18 11:13:33"",""id"":""c680f692-fe1e-40db-a06b-9135fa3d2e78""}"
"2018-08-24T11:13:35Z","v2","jane.austin@fabrikam.com","{""api_version"":""v2"",""time"":""24-Aug-18 11:13:35"",""id"":""7a24c617-adfe-4528-aeb7-1c8fa68636ff""}"
"2018-08-24T11:13:35Z","v1","owild@fabrikam.com","{""api_version"":""v1"",""time"":""24-Aug-18 11:13:35"",""id"":""03192f22-7a96-4364-bcb2-cfc8a257c273""}"
"2018-08-24T11:14:03Z","v1","jane.doe@fabrikam.com","{""api_version"":""v1"",""time"":""24-Aug-18 11:14:03"",""id"":""92db1b9c-488b-4ca6-b7e0-c093bf969e7a""}"
"2018-08-24T11:14:13Z","v1","jane.doe@fabrikam.com","{""api_version"":""v1"",""time"":""24-Aug-18 11:14:13"",""id"":""b7a6fcf5-1a00-412e-a341-49c11d409e99""}"
"2018-08-24T11:14:19Z","v1","john.doe@fabrikam.com","{""api_version"":""v1"",""time"":""24-Aug-18 11:14:19"",""id"":""6ad55b02-4d5f-4b23-9f63-0642cec73d48""}"
"2018-08-24T11:14:44Z","v1","john.doe@fabrikam.com","{""api_version"":""v1"",""time"":""24-Aug-18 11:14:44"",""id"":""210ae0f3-fddb-45ea-980a-13b139ba15f4""}"
"2018-08-24T11:14:52Z","v2","owild@fabrikam.com","{""api_version"":""v2"",""time"":""24-Aug-18 11:14:52"",""id"":""133f38eb-cfaa-443c-a85b-c0e5dec3b265""}"
"2018-08-24T11:15:18Z","v1","jane.doe@fabrikam.com","{""api_version"":""v1"",""time"":""24-Aug-18 11:15:18"",""id"":""64cb20a3-1a61-49e7-886b-7b7be96a1667""}"
"2018-08-24T11:15:43Z","v2","owild@fabrikam.com","{""api_version"":""v2"",""time"":""24-Aug-18 11:15:43"",""id"":""28a936c0-0e62-4fb0-8108-73f30eb44884""}"
"2018-08-24T11:16:08Z","v1","will.smith@fabrikam.com","{""api_version"":""v1"",""time"":""24-Aug-18 11:16:08"",""id"":""3ecc4dcf-7d5c-4f73-a053-4e84baaed4d2""}"
"2018-08-24T11:16:33Z","v2","owild@fabrikam.com","{""api_version"":""v2"",""time"":""24-Aug-18 11:16:33"",""id"":""2bb6acb8-fa50-4a95-a262-bbf28266e96d""}"
"2018-08-24T11:16:37Z","v2","john.doe@fabrikam.com","{""api_version"":""v2"",""time"":""24-Aug-18 11:16:37"",""id"":""8d0e2f8d-0605-4e4f-b956-416296591e9c""}"
"2018-08-24T11:17:01Z","v2","will.smith@fabrikam.com","{""api_version"":""v2"",""time"":""24-Aug-18 11:17:01"",""id"":""fa153682-ef15-4e60-99c5-789200aa88f1""}"
"2018-08-24T11:17:19Z","v2","jane.doe@fabrikam.com","{""api_version"":""v2"",""time"":""24-Aug-18 11:17:19"",""id"":""082c4ba4-8cae-47b5-96ce-1d22884561bd""}"
"2018-08-24T11:17:44Z","v2","jane.austin@fabrikam.com","{""api_version"":""v2"",""time"":""24-Aug-18 11:17:44"",""id"":""ea040218-ec54-45d6-a33f-d2c713637919""}"
"2018-08-24T11:17:54Z","v1","jane.austin@fabrikam.com","{""api_version"":""v1"",""time"":""24-Aug-18 11:17:54"",""id"":""a4b72303-622e-45ff-8089-f0cf1ab1ce25""}"
"2018-08-24T11:17:54Z","v2","john.doe@fabrikam.com","{""api_version"":""v2"",""time"":""24-Aug-18 11:17:54"",""id"":""f6b94444-7f97-4ad2-9e57-c14f220d9c7d""}"
"2018-08-24T11:18:11Z","v2","will.smith@fabrikam.com","{""api_version"":""v2"",""time"":""24-Aug-18 11:18:11"",""id"":""75004e26-d2e2-44ed-aff5-6a3a0dd81768""}"
"2018-08-24T11:18:13Z","v1","jane.austin@fabrikam.com","{""api_version"":""v1"",""time"":""24-Aug-18 11:18:13"",""id"":""09c946dc-7026-48d1-98e7-7001d431d361""}"
"2018-08-24T11:18:37Z","v2","jane.austin@fabrikam.com","{""api_version"":""v2"",""time"":""24-Aug-18 11:18:37"",""id"":""eb57d8b6-860d-45df-9091-e252f5f6d126""}"
"2018-08-24T11:18:44Z","v2","will.smith@fabrikam.com","{""api_version"":""v2"",""time"":""24-Aug-18 11:18:44"",""id"":""fd336848-7598-4218-a262-6c02c33d8cf2""}"
"2018-08-24T11:18:58Z","v2","jane.doe@fabrikam.com","{""api_version"":""v2"",""time"":""24-Aug-18 11:18:58"",""id"":""37ca8a09-0994-45b7-8c2f-4c975ae459c3""}"
"2018-08-24T11:19:13Z","v2","jane.doe@fabrikam.com","{""api_version"":""v2"",""time"":""24-Aug-18 11:19:13"",""id"":""e6d8e5a3-263a-41fb-b445-d85b8bfab9b4""}"
"2018-08-24T11:19:41Z","v2","jane.doe@fabrikam.com","{""api_version"":""v2"",""time"":""24-Aug-18 11:19:41"",""id"":""b9caf8a0-e209-4af9-a199-a272c49c168f""}"
"2018-08-24T11:19:47Z","v2","jane.austin@fabrikam.com","{""api_version"":""v2"",""time"":""24-Aug-18 11:19:47"",""id"":""3457f32e-9a4a-46ff-9dcc-90c3bf40452f""}"
"2018-08-24T11:19:54Z","v1","john.doe@fabrikam.com","{""api_version"":""v1"",""time"":""24-Aug-18 11:19:54"",""id"":""e2e0941d-dd62-411c-901f-58a3dda8ddef""}"
"2018-08-24T11:19:55Z","v2","john.doe@fabrikam.com","{""api_version"":""v2"",""time"":""24-Aug-18 11:19:55"",""id"":""b56df472-7770-44a7-8db5-b88e91136854""}"
"2018-08-24T11:20:13Z","v2","owild@fabrikam.com","{""api_version"":""v2"",""time"":""24-Aug-18 11:20:13"",""id"":""de96015e-f986-415c-88d6-f734ffa9d119""}"
"2018-08-24T11:20:18Z","v2","will.smith@fabrikam.com","{""api_version"":""v2"",""time"":""24-Aug-18 11:20:18"",""id"":""e286c8cf-e133-47e7-a3c9-fd406c125a59""}"
"2018-08-24T11:20:44Z","v1","jane.austin@fabrikam.com","{""api_version"":""v1"",""time"":""24-Aug-18 11:20:44"",""id"":""bcfb1bd2-21e9-461b-a76d-bbe060e5855b""}"
"2018-08-24T11:20:53Z","v1","jane.austin@fabrikam.com","{""api_version"":""v1"",""time"":""24-Aug-18 11:20:53"",""id"":""faada10a-659f-4fee-a5d5-a5154fd552f8""}"
"2018-08-24T11:21:12Z","v2","john.doe@fabrikam.com","{""api_version"":""v2"",""time"":""24-Aug-18 11:21:12"",""id"":""3fdf0bbe-6578-4c24-8522-775bf1f3707b""}"
"2018-08-24T11:21:25Z","v1","jane.doe@fabrikam.com","{""api_version"":""v1"",""time"":""24-Aug-18 11:21:25"",""id"":""a9a41070-f5ca-4859-833a-96722a5fdf09""}"
"2018-08-24T11:21:29Z","v1","john.doe@fabrikam.com","{""api_version"":""v1"",""time"":""24-Aug-18 11:21:29"",""id"":""e5d31651-dbe0-4816-9952-f4159961ec03""}"
"2018-08-24T11:21:38Z","v1","owild@fabrikam.com","{""api_version"":""v1"",""time"":""24-Aug-18 11:21:38"",""id"":""376389d9-631a-49b7-a523-c0df33fe28cf""}"
"2018-08-24T11:21:55Z","v1","owild@fabrikam.com","{""api_version"":""v1"",""time"":""24-Aug-18 11:21:55"",""id"":""c6ec8bac-3fba-4d63-8723-17b43b390194""}"
"2018-08-24T11:22:03Z","v1","jane.austin@fabrikam.com","{""api_version"":""v1"",""time"":""24-Aug-18 11:22:03"",""id"":""e8005b7c-b527-4b68-b870-8b7225e1f6b4""}"
"2018-08-24T11:22:27Z","v1","owild@fabrikam.com","{""api_version"":""v1"",""time"":""24-Aug-18 11:22:27"",""id"":""11b4d7b7-849b-4ca8-9305-67059eadac7f""}"
"2018-08-24T11:22:28Z","v2","owild@fabrikam.com","{""api_version"":""v2"",""time"":""24-Aug-18 11:22:28"",""id"":""fe7665d7-cd0e-4b75-8008-89bd255a9e5a""}"
"2018-08-24T11:22:40Z","v2","owild@fabrikam.com","{""api_version"":""v2"",""time"":""24-Aug-18 11:22:40"",""id"":""a468d31e-6537-42a8-85ff-b71ad2250b30""}"
"2018-08-24T11:22:45Z","v1","jane.austin@fabrikam.com","{""api_version"":""v1"",""time"":""24-Aug-18 11:22:45"",""id"":""921d9686-ff36-4f40-b10a-742ab2a04056""}"
"2018-08-24T11:23:09Z","v2","owild@fabrikam.com","{""api_version"":""v2"",""time"":""24-Aug-18 11:23:09"",""id"":""7c980c95-f961-4c4e-99ff-f614667f708d""}"
"2018-08-24T11:23:19Z","v1","owild@fabrikam.com","{""api_version"":""v1"",""time"":""24-Aug-18 11:23:19"",""id"":""6e7bf1b0-0b86-4157-9633-795732794e75""}"
"2018-08-24T11:23:19Z","v1","owild@fabrikam.com","{""api_version"":""v1"",""time"":""24-Aug-18 11:23:19"",""id"":""4a1f8acc-4ecf-4b84-be28-1debdd5e00d6""}"
"2018-08-24T11:23:21Z","v1","will.smith@fabrikam.com","{""api_version"":""v1"",""time"":""24-Aug-18 11:23:21"",""id"":""d86ad231-1062-4f83-b712-cbacc3ccb92f""}"
"2018-08-24T11:23:40Z","v1","jane.austin@fabrikam.com","{""api_version"":""v1"",""time"":""24-Aug-18 11:23:40"",""id"":""d2b7b52e-21b1-4075-b6b1-1ddcf3a2ae55""}"
"2018-08-24T11:23:58Z","v2","will.smith@fabrikam.com","{""api_version"":""v2"",""time"":""24-Aug-18 11:23:58"",""id"":""04718c04-41ab-4bfa-b109-a3c018f09aa5""}"
"2018-08-24T11:24:14Z","v2","owild@fabrikam.com","{""api_version"":""v2"",""time"":""24-Aug-18 11:24:14"",""id"":""87cc2fb9-2b8c-477c-8118-40626cbe3408""}"
"2018-08-24T11:24:38Z","v1","john.doe@fabrikam.com","{""api_version"":""v1"",""time"":""24-Aug-18 11:24:38"",""id"":""ba9daa25-0a8c-4c27-a64e-c0fb035b0a22""}"
"2018-08-24T11:24:39Z","v2","owild@fabrikam.com","{""api_version"":""v2"",""time"":""24-Aug-18 11:24:39"",""id"":""b6a2a3d8-f0ec-451a-a5b5-a2e30ffdffcd""}"
"2018-08-24T11:24:51Z","v2","will.smith@fabrikam.com","{""api_version"":""v2"",""time"":""24-Aug-18 11:24:51"",""id"":""30f4b64e-8bee-40f0-8697-a0f898849afc""}"
"2018-08-24T11:25:13Z","v2","jane.austin@fabrikam.com","{""api_version"":""v2"",""time"":""24-Aug-18 11:25:13"",""id"":""53eff898-1790-437c-bfa1-7e6e48d2a83e""}"
"2018-08-24T11:25:35Z","v1","jane.austin@fabrikam.com","{""api_version"":""v1"",""time"":""24-Aug-18 11:25:35"",""id"":""f1c66018-0178-4d23-a710-71b1eaedf332""}"
"2018-08-24T11:25:41Z","v1","owild@fabrikam.com","{""api_version"":""v1"",""time"":""24-Aug-18 11:25:41"",""id"":""b19e07f2-e72d-4a36-a93a-ce6a01fa745b""}"
"2018-08-24T11:26:10Z","v2","will.smith@fabrikam.com","{""api_version"":""v2"",""time"":""24-Aug-18 11:26:10"",""id"":""fd27bbb2-0e03-4da7-b469-a143d9ac0cc9""}"
"2018-08-24T11:26:33Z","v2","will.smith@fabrikam.com","{""api_version"":""v2"",""time"":""24-Aug-18 11:26:33"",""id"":""36e0acd1-13df-463d-b9f0-26d37a2bbca7""}"
"2018-08-24T11:26:47Z","v2","john.doe@fabrikam.com","{""api_version"":""v2"",""time"":""24-Aug-18 11:26:47"",""id"":""130e543f-6181-413c-8281-f93da0c64fac""}"
"2018-08-24T11:27:11Z","v1","owild@fabrikam.com","{""api_version"":""v1"",""time"":""24-Aug-18 11:27:11"",""id"":""be88ddc4-cba4-44da-b0eb-86f84fa89918""}"
"2018-08-24T11:27:26Z","v1","john.doe@fabrikam.com","{""api_version"":""v1"",""time"":""24-Aug-18 11:27:26"",""id"":""7b151e82-bc56-4433-a974-8db689f19932""}"
"2018-08-24T11:27:52Z","v1","jane.doe@fabrikam.com","{""api_version"":""v1"",""time"":""24-Aug-18 11:27:52"",""id"":""a501cf85-a636-41f1-ad42-a0b0d9d21514""}"
"2018-08-24T11:27:54Z","v2","owild@fabrikam.com","{""api_version"":""v2"",""time"":""24-Aug-18 11:27:54"",""id"":""ef68122b-343b-43fe-9dbc-9801fa9a004d""}"
"2018-08-24T11:28:23Z","v1","jane.austin@fabrikam.com","{""api_version"":""v1"",""time"":""24-Aug-18 11:28:23"",""id"":""866e9e1c-62dc-4a0e-a557-09808b1730b9""}"
"2018-08-24T11:28:25Z","v2","jane.doe@fabrikam.com","{""api_version"":""v2"",""time"":""24-Aug-18 11:28:25"",""id"":""fdf959bd-5bd6-41c8-8919-294e0b312cc9""}"
"2018-08-24T11:28:29Z","v1","jane.austin@fabrikam.com","{""api_version"":""v1"",""time"":""24-Aug-18 11:28:29"",""id"":""561a59fa-dd57-4bc9-a519-24bcc37498dd""}"
"2018-08-24T11:28:31Z","v1","john.doe@fabrikam.com","{""api_version"":""v1"",""time"":""24-Aug-18 11:28:31"",""id"":""89156d5c-5030-48d3-b2ec-9ceed00a00f7""}"
"2018-08-24T11:28:32Z","v1","will.smith@fabrikam.com","{""api_version"":""v1"",""time"":""24-Aug-18 11:28:32"",""id"":""90203da7-29e1-4a4a-8d2e-6c04ddbeec7a""}"
"2018-08-24T11:28:36Z","v2","will.smith@fabrikam.com","{""api_version"":""v2"",""time"":""24-Aug-18 11:28:36"",""id"":""5527be3f-84ce-4743-ab56-942416f201bc""}"
"2018-08-24T11:28:44Z","v1","will.smith@fabrikam.com","{""api_version"":""v1"",""time"":""24-Aug-18 11:28:44"",""id"":""f49e02a3-681a-43be-b87f-14d61839cf22""}"
"2018-08-24T11:29:01Z","v1","will.smith@fabrikam.com","{""api_version"":""v1"",""time"":""24-Aug-18 11:29:01"",""id"":""43893c71-be91-4d89-8eba-123c03151a42""}"
"2018-08-24T11:29:21Z","v1","will.smith@fabrikam.com","{""api_version"":""v1"",""time"":""24-Aug-18 11:29:21"",""id"":""bf43e50d-dde8-4ea5-bea6-d2418077b5de""}"
"2018-08-24T11:29:32Z","v2","jane.austin@fabrikam.com","{""api_version"":""v2"",""time"":""24-Aug-18 11:29:32"",""id"":""0f756614-d69d-46a0-a827-5a2d930e9cb8""}"
"2018-08-24T11:29:39Z","v2","john.doe@fabrikam.com","{""api_version"":""v2"",""time"":""24-Aug-18 11:29:39"",""id"":""69bc6257-4da1-42eb-9eef-ec54d5084444""}"
"2018-08-24T11:29:42Z","v1","jane.austin@fabrikam.com","{""api_version"":""v1"",""time"":""24-Aug-18 11:29:42"",""id"":""7f7d932c-220b-435a-98cb-0ddb4a2925b4""}"
"2018-08-24T11:29:43Z","v2","will.smith@fabrikam.com","{""api_version"":""v2"",""time"":""24-Aug-18 11:29:43"",""id"":""48942d25-9436-4dbd-9302-a31b9d9f3e55""}"
"2018-08-24T11:29:58Z","v2","owild@fabrikam.com","{""api_version"":""v2"",""time"":""24-Aug-18 11:29:58"",""id"":""70f27a0a-9395-4255-98d1-b99170722520""}"
"2018-08-24T11:30:08Z","v2","john.doe@fabrikam.com","{""api_version"":""v2"",""time"":""24-Aug-18 11:30:08"",""id"":""f8cde7a1-eec1-4dde-9ba1-8534d8a3aa02""}"
"2018-08-24T11:30:37Z","v2","owild@fabrikam.com","{""api_version"":""v2"",""time"":""24-Aug-18 11:30:37"",""id"":""fa8b628d-7c01-4b1a-86c7-b30fb8e75495""}"
"2018-08-24T11:30:41Z","v2","will.smith@fabrikam.com","{""api_version"":""v2"",""time"":""24-Aug-18 11:30:41"",""id"":""508a831a-3edd-40fc-b888-85d23abbd995""}"
"2018-08-24T11:31:10Z","v2","john.doe@fabrikam.com","{""api_version"":""v2"",""time"":""24-Aug-18 11:31:10"",""id"":""6b6bc86b-f411-443a-b9d7-6b543915d3c5""}"
"2018-08-24T11:31:36Z","v1","will.smith@fabrikam.com","{""api_version"":""v1"",""time"":""24-Aug-18 11:31:36"",""id"":""ff2750b5-dbba-45ef-a33e-28983c9c2ea7""}"
"2018-08-24T11:31:48Z","v1","owild@fabrikam.com","{""api_version"":""v1"",""time"":""24-Aug-18 11:31:48"",""id"":""e0fab264-d1a2-4d3a-9e9f-740bb679fdcb""}"
"2018-08-24T11:32:05Z","v1","owild@fabrikam.com","{""api_version"":""v1"",""time"":""24-Aug-18 11:32:05"",""id"":""b258c13a-90a2-4290-ba0c-07bec54fcfdb""}"
"2018-08-24T11:32:24Z","v2","jane.austin@fabrikam.com","{""api_version"":""v2"",""time"":""24-Aug-18 11:32:24"",""id"":""c1a10cb4-b2f9-4620-ad95-a5bc5db75b4b""}"
"2018-08-24T11:32:43Z","v2","will.smith@fabrikam.com","{""api_version"":""v2"",""time"":""24-Aug-18 11:32:43"",""id"":""8c27b0db-4ad6-4f7c-b35a-add7c91278fd""}"
"2018-08-24T11:33:04Z","v1","jane.austin@fabrikam.com","{""api_version"":""v1"",""time"":""24-Aug-18 11:33:04"",""id"":""02ffc7ab-1db0-4eee-844b-77c450d92305""}"
"2018-08-24T11:33:13Z","v2","jane.austin@fabrikam.com","{""api_version"":""v2"",""time"":""24-Aug-18 11:33:13"",""id"":""dbe267ea-8e52-4c13-b319-7e60e1da922f""}"
"2018-08-24T11:33:16Z","v1","owild@fabrikam.com","{""api_version"":""v1"",""time"":""24-Aug-18 11:33:16"",""id"":""115871d3-e908-4fd4-860c-bcb7c7ebd842""}"
"2018-08-24T11:33:26Z","v1","owild@fabrikam.com","{""api_version"":""v1"",""time"":""24-Aug-18 11:33:26"",""id"":""4103be7a-185d-46f2-849b-74a9af84fb2b""}"
"2018-08-24T11:33:30Z","v1","john.doe@fabrikam.com","{""api_version"":""v1"",""time"":""24-Aug-18 11:33:30"",""id"":""012c4060-e65f-4429-931d-08e5374cc8ad""}"
"2018-08-24T11:33:52Z","v2","owild@fabrikam.com","{""api_version"":""v2"",""time"":""24-Aug-18 11:33:52"",""id"":""f98f5e6a-fca4-40dc-8b3c-e808cfbc068c""}"
"2018-08-24T11:34:21Z","v2","owild@fabrikam.com","{""api_version"":""v2"",""time"":""24-Aug-18 11:34:21"",""id"":""70408b85-76e8-4932-a14c-eddfd4f98a77""}"
"2018-08-24T11:34:27Z","v2","will.smith@fabrikam.com","{""api_version"":""v2"",""time"":""24-Aug-18 11:34:27"",""id"":""0fc64fd4-7469-48ef-850f-036cd711231b""}"
"2018-08-24T11:34:40Z","v1","will.smith@fabrikam.com","{""api_version"":""v1"",""time"":""24-Aug-18 11:34:40"",""id"":""1d4affea-e9eb-407e-9a81-0cd18db738e6""}"
"2018-08-24T11:35:06Z","v2","john.doe@fabrikam.com","{""api_version"":""v2"",""time"":""24-Aug-18 11:35:06"",""id"":""40f3ccc1-526b-4cd3-9945-0e25d406adcf""}"
"2018-08-24T11:35:19Z","v2","john.doe@fabrikam.com","{""api_version"":""v2"",""time"":""24-Aug-18 11:35:19"",""id"":""8615a212-5cfa-498b-8fe2-0b3b97506fcc""}"
"2018-08-24T11:35:45Z","v1","jane.austin@fabrikam.com","{""api_version"":""v1"",""time"":""24-Aug-18 11:35:45"",""id"":""e148c720-fe3b-459c-835d-2467238f484c""}"
"2018-08-24T11:36:12Z","v1","john.doe@fabrikam.com","{""api_version"":""v1"",""time"":""24-Aug-18 11:36:12"",""id"":""5e532f0a-3871-41f2-97f1-628032189bf0""}"
"2018-08-24T11:36:12Z","v2","jane.austin@fabrikam.com","{""api_version"":""v2"",""time"":""24-Aug-18 11:36:12"",""id"":""bb478fc1-70b1-4c74-bf3e-2069049555c1""}"
"2018-08-24T11:36:31Z","v2","jane.austin@fabrikam.com","{""api_version"":""v2"",""time"":""24-Aug-18 11:36:31"",""id"":""214b8979-fb0d-4f7c-8b7d-c7e97be4a8ff""}"
"2018-08-24T11:36:34Z","v1","will.smith@fabrikam.com","{""api_version"":""v1"",""time"":""24-Aug-18 11:36:34"",""id"":""683109be-f86e-4fa9-b2af-244d0e585d93""}"
"2018-08-24T11:36:44Z","v2","jane.austin@fabrikam.com","{""api_version"":""v2"",""time"":""24-Aug-18 11:36:44"",""id"":""c9143e99-67f9-40d3-b663-44d490c58246""}"
"2018-08-24T11:36:47Z","v1","will.smith@fabrikam.com","{""api_version"":""v1"",""time"":""24-Aug-18 11:36:47"",""id"":""d6336e1b-d898-46c0-915f-d65f9d257606""}"
"2018-08-24T11:36:50Z","v2","will.smith@fabrikam.com","{""api_version"":""v2"",""time"":""24-Aug-18 11:36:50"",""id"":""1678735e-4a8e-4372-9146-1d9aeedfb681""}"
"2018-08-24T11:37:04Z","v2","john.doe@fabrikam.com","{""api_version"":""v2"",""time"":""24-Aug-18 11:37:04"",""id"":""dd4404c9-b966-4342-9d2d-eef7cc2cfd33""}"
"2018-08-24T11:37:06Z","v1","john.doe@fabrikam.com","{""api_version"":""v1"",""time"":""24-Aug-18 11:37:06"",""id"":""9191dfae-02f8-4e30-8466-39d18aac8e7d""}"
"2018-08-24T11:37:21Z","v2","owild@fabrikam.com","{""api_version"":""v2"",""time"":""24-Aug-18 11:37:21"",""id"":""ae1efe11-d1f3-4c50-8705-7ab2bcbfdd72""}"
"2018-08-24T11:37:37Z","v1","will.smith@fabrikam.com","{""api_version"":""v1"",""time"":""24-Aug-18 11:37:37"",""id"":""dd544893-1093-4788-a59a-6003f8deff0a""}"
"2018-08-24T11:37:52Z","v2","owild@fabrikam.com","{""api_version"":""v2"",""time"":""24-Aug-18 11:37:52"",""id"":""c88128ed-d1d9-404e-a4ee-759cbdc8e92b""}"
"2018-08-24T11:38:17Z","v2","john.doe@fabrikam.com","{""api_version"":""v2"",""time"":""24-Aug-18 11:38:17"",""id"":""0b0996f1-9372-4de4-8424-aa744a709d77""}"
"2018-08-24T11:38:34Z","v1","jane.doe@fabrikam.com","{""api_version"":""v1"",""time"":""24-Aug-18 11:38:34"",""id"":""40766067-0fb0-4286-930e-20b907261b43""}"
"2018-08-24T11:38:38Z","v1","jane.austin@fabrikam.com","{""api_version"":""v1"",""time"":""24-Aug-18 11:38:38"",""id"":""e3692a4b-f6d8-43c0-b2f0-26b166f05ba8""}"
"2018-08-24T11:38:58Z","v1","owild@fabrikam.com","{""api_version"":""v1"",""time"":""24-Aug-18 11:38:58"",""id"":""c6c61f35-05fc-4915-8417-3f2b1371f17c""}"
"2018-08-24T11:39:00Z","v2","owild@fabrikam.com","{""api_version"":""v2"",""time"":""24-Aug-18 11:39:00"",""id"":""2f284f56-f269-4b84-9b23-29a7404f2334""}"
"2018-08-24T11:39:10Z","v2","jane.doe@fabrikam.com","{""api_version"":""v2"",""time"":""24-Aug-18 11:39:10"",""id"":""bbefb6b2-b1b8-43a5-9c3f-90eff28385af""}"
"2018-08-24T11:39:22Z","v1","jane.austin@fabrikam.com","{""api_version"":""v1"",""time"":""24-Aug-18 11:39:22"",""id"":""d2f43074-5a2e-475d-965b-e1c2d84f87c4""}"
"2018-08-24T11:39:47Z","v1","will.smith@fabrikam.com","{""api_version"":""v1"",""time"":""24-Aug-18 11:39:47"",""id"":""607753aa-7463-4821-aa20-e9428a206e48""}"
"2018-08-24T11:39:58Z","v1","owild@fabrikam.com","{""api_version"":""v1"",""time"":""24-Aug-18 11:39:58"",""id"":""ec72e896-9e94-4d58-a917-b65b13010e0a""}"
"2018-08-24T11:40:23Z","v2","owild@fabrikam.com","{""api_version"":""v2"",""time"":""24-Aug-18 11:40:23"",""id"":""22fe3140-3568-42da-97b8-345adad349ca""}"
"2018-08-24T11:40:38Z","v2","jane.doe@fabrikam.com","{""api_version"":""v2"",""time"":""24-Aug-18 11:40:38"",""id"":""c080b6df-365d-4146-b718-5c22c401c6dc""}"
"2018-08-24T11:40:58Z","v2","jane.austin@fabrikam.com","{""api_version"":""v2"",""time"":""24-Aug-18 11:40:58"",""id"":""708405e8-f09a-49df-bad0-68841dd12053""}"
"2018-08-24T11:41:16Z","v1","john.doe@fabrikam.com","{""api_version"":""v1"",""time"":""24-Aug-18 11:41:16"",""id"":""da9c5895-d1f9-4adc-a214-aa459ae0f5f2""}"
"2018-08-24T11:41:36Z","v1","jane.austin@fabrikam.com","{""api_version"":""v1"",""time"":""24-Aug-18 11:41:36"",""id"":""92718f36-02e2-487f-b6fb-883bc2050db9""}"
"2018-08-24T11:42:04Z","v2","jane.doe@fabrikam.com","{""api_version"":""v2"",""time"":""24-Aug-18 11:42:04"",""id"":""2ddb7e1a-24cb-4a2f-a9cd-f8d38d4b17e6""}"
"2018-08-24T11:42:23Z","v2","jane.doe@fabrikam.com","{""api_version"":""v2"",""time"":""24-Aug-18 11:42:23"",""id"":""054de34b-47d1-4d21-80f3-58658999c2d7""}"
"2018-08-24T11:42:38Z","v2","owild@fabrikam.com","{""api_version"":""v2"",""time"":""24-Aug-18 11:42:38"",""id"":""9f93f35b-3ae1-40e1-90a3-26e644ac0747""}"